Current Perseus ID	Extension	String
1.Prop.1	@ἐπὶ[1]-συστήσασθαι[1]	ἐπὶ τῆς δοθείσης εὐθείας πεπερασμένης τρίγωνονἰσόπλευρον συστήσασθαι.
1.Prop.2	@πρὸς[1]-θέσθαι[1]	πρὸς τῷ δοθέντι σημείῳ τῇ δοθείσῃ εὐθείᾳ ἴσην εὐθεῖαν θέσθαι.
1.Prop.3	@δύο[1]-ἀφελεῖν[1]	δύο δοθεισῶν εὐθειῶν ἀνίσων ἀπὸ τῆς μείζονος τῇ ἐλάσσονι ἴσην εὐθεῖαν ἀφελεῖν.
1.Prop.4	@ἐὰν[1]-ὑποτείνουσιν[1]	ἐὰν δύο τρίγωνα τὰς δύο πλευρὰς<del>ταῖς</del>δυσὶ πλευραῖς ἴσας ἔχῃ ἑκατέραν ἑκατέρᾳ καὶ τὴν γωνίαν τῇ γωνίᾳ ἴσην ἔχῃ τὴν ὑπὸ τῶν ἴσων εὐθειῶν περιεχομένην, καὶ τὴν βάσιν τῇ βάσει ἴσην ἕξει, καὶ τὸ τρίγωνον τῷ τριγώνῳ ἴσον ἔσται, καὶ αἱ λοιπαὶ γωνίαι ταῖς λοιπαῖς γωνίαις ἴσαι ἔσονται ἑκατέρα ἑκατέρᾳ, ὑφʼ ἃς αἱ ἴσαι πλευραὶ ὑποτείνουσιν.
1.Prop.5	@τῶν[1]-ἔσονται[1]	τῶν ἰσοσκελῶν τριγώνων αἱ πρὸς τῇ βάσει γωνίαι ἴσαι ἀλλήλαις εἰσίν, καὶ προσεκβληθεισῶν τῶν ἴσων εὐθειῶν αἱ ὑπὸ τὴν βάσιν γωνίαι ἴσαι ἀλλήλαις ἔσονται.
1.Prop.6	@ἐὰν[1]-ἔσονται[1]	ἐὰν τριγώνου αἱ δύο γωνίαι ἴσαι ἀλλήλαις ὦσιν, καὶ αἱ ὑπὸ τὰς ἴσας γωνίαις ὑποτείνουσαι πλευραὶ ἴσαι ἀλλήλαις ἔσονται.
1.Prop.7	@ἐπὶ[1]-εὐθείαις[2]	ἐπὶ τῆς αὐτῆς εὐθείας δύο ταῖς αὐταῖς εὐθείαις ἄλλαι δύο εὐθεῖαι ἴσαι ἑκατέρα ἑκατέρᾳ οὐ συσταθήσονται πρὸς ἄλλῳ καὶ ἄλλῳ σημείῳ ἐπὶ τὰ αὐτὰ μέρη τὰ αὐτὰ πέρατα ἔχουσαι ταῖς ἐξ ἀρχῆς εὐθείαις.
1.Prop.8	@ἐὰν[1]-περιεχομένην[1]	ἐὰν δύο τρίγωνα τὰς δύο πλευρὰς<del>ταῖς</del>δύο πλευραῖς ἴσας ἔχῃ ἑκατέραν ἑκατέρα, ἔχῃ δὲ καὶ τὴν βάσιν τῇ βάσει ἴσην, καὶ τὴν γωνίαν τῇ γωνίᾳ ἴσην ἕξει τὴν ὑπὸ τῶν ἴσων εὐθειῶν περιεχομένην.
1.Prop.9	@τὴν[1]-τεμεῖν[1]	τὴν δοθεῖσαν γωνίαν εὐθύγραμμον δίχα τεμεῖν.
1.Prop.10	@τὴν[1]-τεμεῖν[1]	τὴν δοθεῖσαν εὐθεῖαν πεπερασμένην δίχα τεμεῖν.
1.Prop.11	@τῇ[1]-ἀγαγεῖν[1]	τῇ δοθείσῃ εὐθείᾳ ἀπὸ τοῦ πρὸς αὐτῇ δοθέντος σημείου πρὸς ὀρθὰς γωνίας εὐθεῖαν γραμμὴν ἀγαγεῖν.
1.Prop.12	@ἐπὶ[1]-ἀγαγεῖν[1]	ἐπὶ τὴν δοθεῖσαν εὐθεῖαν ἄπειρον ἀπὸ τοῦ δοθέντος σημείου, ὃ μή ἐστιν ἐπʼ αὐτῆς, κάθετον εὐθεῖαν γραμμὴν ἀγαγεῖν.
1.Prop.13	@ἐὰν[1]-ποιήσει[1]	ἐὰν εὐθεῖα ἐπʼ εὐθεῖαν σταθεῖσα γωνίας ποιῇ, ἤτοι δύο ὀρθὰς ἢ δυσὶν ὀρθαῖς ἴσας ποιήσει.
1.Prop.14	@ἐὰν[1]-εὐθεῖαι[2]	ἐὰν πρός τινι εὐθείᾳ καὶ τῷ πρὸς αὐτῇ σημείῳ δύο εὐθεῖαι μὴ ἐπὶ τὰ αὐτὰ μέρη κείμεναι τὰς ἐφεξῆς γωνίας δυσὶν ὀρθαῖς ἴσας ποιῶσιν, ἐπʼ εὐθείας ἔσονται ἀλλήλαις αἱ εὐθεῖαι. 
1.Prop.15	@ἐὰν[1]-ποιοῦσιν[1]	ἐὰν δύο εὐθεῖαι τέμνωσιν ἀλλήλας, τὰς κατὰ κορυφὴν γωνίας ἴσας ἀλλήλαις ποιοῦσιν. 
1.Prop.16	@παντὸς[1]-ἐστίν[1]	παντὸς τριγώνου μιᾶς τῶν πλευρῶν προσεκβληθείσης ἡ ἐκτὸς γωνία ἑκατέρας τῶν ἐντὸς καὶ ἀπεναντίον γωνιῶν μείζων ἐστίν. 
1.Prop.17	@παντὸς[1]-μεταλαμβανόμεναι[1]	παντὸς τριγώνου αἱ δύο γωνίαι δύο ὀρθῶν ἐλάσσονές εἰσι πάντῃ μεταλαμβανόμεναι. 
1.Prop.18	@παντὸς[1]-ὑποτείνει[1]	παντὸς τριγώνου ἡ μείζων πλευρὰ τὴν μείζονα γωνίαν ὑποτείνει. 
1.Prop.19	@παντὸς[1]-ὑποτείνει[1]	παντὸς τριγώνου ὑπὸ τὴν μείζονα γωνίαν ἡ μείζων πλευρὰ ὑποτείνει. 
1.Prop.20	@παντὸς[1]-μεταλαμβανόμεναι[1]	παντὸς τριγώνου αἱ δύο πλευραὶ τῆς λοιπῆς μείζονές εἰσι πάντῃ μεταλαμβανόμεναι. 
1.Prop.21	@ἐὰν[1]-περιέξουσιν[1]	ἐὰν τριγώνου ἐπὶ μιᾶς τῶν πλευρῶν ἀπὸ τῶν περάτων δύο εὐθεῖαι ἐντὸς συσταθῶσιν, αἱ συσταθεῖσαι τῶν λοιπῶν τοῦ τριγώνου δύο πλευρῶν ἐλάττονες μὲν ἔσονται, μείζονα δὲ γωνίαν περιέξουσιν. 
1.Prop.22	@ἐκ[1]-μεταλαμβανομένας[2]	ἐκ τριῶν εὐθειῶν, αἵ εἰσιν ἴσαι τρισὶ ταῖς δοθείσαις<del>εὐθείαις</del>, τρίγωνον συστήσασθαι· δεῖ δὲ τὰς δύο τῆς λοιπῆς μείζονας εἶναι πάντῃ μεταλαμβανομένας<del>διὰ τὸ καὶ παντὸς τριγώνου τὰς δύο πλευρὰς τῆς λοιπῆς μείζονας εἶναι πάντῃ μεταλαμβανομένας</del>. 
1.Prop.23	@πρὸς[1]-συστήσασθαι[1]	πρὸς τῇ δοθείσῃ εὐθείᾳ καὶ τῷ πρὸς αὐτῇ σημείῳ τῇ δοθείσῃ γωνίᾳ εὐθυγράμμῳ ἴσην γωνίαν εὐθύγραμμον συστήσασθαι. 
1.Prop.24	@ἐὰν[1]-ἕξει[1]	ἐὰν δύο τρίγωνα τὰς δύο πλευρὰς<del>ταῖς</del>δύο πλευραῖς ἴσας ἔχῃ ἑκατέραν ἑκατέρᾳ, τὴν δὲ γωνίαν τῆς γωνίας μείζονα ἔχῃ τὴν ὑπὸ τῶν ἴσων εὐθειῶν περιεχομένην, καὶ τὴν βάσιν τῆς βάσεως μείζονα ἕξει. 
1.Prop.25	@ἐὰν[1]-περιεχομένην[1]	ἐὰν δύο τρίγωνα τὰς δύο πλευρὰς δυσὶ πλευραῖς ἴσας ἔχῃ ἑκατέραν ἑκατέρᾳ, τὴν δὲ βάσιν τῆς βάσεως μείζονα ἔχῃ, καὶ τὴν γωνίαν τῆς γωνίας μείζονα ἕξει τὴν ὑπὸ τῶν ἴσων εὐθειῶν περιεχομένην. 
1.Prop.26	@ἐὰν[1]-γωνίᾳ[1]	ἐὰν δύο τρίγωνα τὰς δύο γωνίας δυσὶ γωνίαις ἴσας ἔχῃ ἑκατέραν ἑκατέρᾳ καὶ μίαν πλευρὰν μιᾷ πλευρᾷ ἴσην ἤτοι τὴν πρὸς ταῖς ἴσαις γωνίαις ἢ τὴν ὑποτείνουσαν ὑπὸ μίαν τῶν ἴσων γωνιῶν, καὶ τὰς λοιπὰς πλευρὰς ταῖς λοιπαῖς πλευραῖς ἴσας ἕξει<del>ἑκατέραν ἑκατέρᾳ</del>καὶ τὴν λοιπὴν γωνίαν τῇ λοιπῇ γωνίᾳ. 
1.Prop.27	@ἐὰν[1]-εὐθεῖαι[1]	ἐὰν εἰς δύο εὐθείας εὐθεῖα ἐμπίπτουσα τὰς ἐναλλὰξ γωνίας ἴσας ἀλλήλαις ποιῇ, παράλληλοι ἔσονται ἀλλήλαις αἱ εὐθεῖαι. 
1.Prop.28	@ἐὰν[1]-εὐθεῖαι[1]	ἐὰν εἰς δύο εὐθείας εὐθεῖα ἐμπίπτουσα τὴν ἐκτὸς γωνίαν τῇ ἐντὸς καὶ ἀπεναντίον καὶ ἐπὶ τὰ αὐτὰ μέρη ἴσην ποιῇ ἢ τὰς ἐντὸς καὶ ἐπὶ τὰ αὐτὰ μέρη δυσὶν ὀρθαῖς ἴσας, παράλληλοι ἔσονται ἀλλήλαις αἱ εὐθεῖαι. 
1.Prop.29	@ἡ[1]-ἴσας[2]	ἡ εἰς τὰς παραλλήλους εὐθείας εὐθεῖα ἐμπίπτουσα τάς τε ἐναλλὰξ γωνίας ἴσας ἀλλήλαις ποιεῖ καὶ τὴν ἐκτὸς τῇ ἐντὸς καὶ ἀπεναντίον ἴσην καὶ τὰς ἐντὸς καὶ ἐπὶ τὰ αὐτὰ μέρη δυσὶν ὀρθαῖς ἴσας. 
	@αἱ[1]-παράλληλοι[2]	αἱ τῇ αὐτῇ εὐθείᾳ παράλληλοι καὶ ἀλλήλαις εἰσὶ παράλληλοι.
1.Prop.31	@διὰ[1]-ἀγαγεῖν[1]	διὰ τοῦ δοθέντος σημείου τῇ δοθείσῃ εὐθείᾳ παράλληλον εὐθεῖαν γραμμὴν ἀγαγεῖν. 
1.Prop.32	@παντὸς[1]-εἰσίν[1]	παντὸς τριγώνου μιᾶς τῶν πλευρῶν προσεκβληθείσης ἡ ἐκτὸς γωνία δυσὶ ταῖς ἐντὸς καὶ ἀπεναντίον ἴση ἐστίν, καὶ αἱ ἐντὸς τοῦ τριγώνου τρεῖς γωνίαι δυσὶν ὀρθαῖς ἴσαι εἰσίν. 
1.Prop.33	@αἱ[1]-εἰσιν[1]	αἱ τὰς ἴσας τε καὶ παραλλήλους ἐπὶ τὰ αὐτὰ μέρη ἐπιζευγνύουσαι εὐθεῖαι καὶ αὐταὶ ἴσαι τε καὶ παράλληλοί εἰσιν. 
1.Prop.34	@τῶν[1]-τέμνει[1]	τῶν παραλληλογράμμων χωρίων αἱ ἀπεναντίον πλευραί τε καὶ γωνίαι ἴσαι ἀλλήλαις εἰσίν, καὶ ἡ διάμετρος αὐτὰ δίχα τέμνει. 
1.Prop.35	@τὰ[1]-ἐστίν[1]	τὰ παραλληλόγραμμα τὰ ἐπὶ τῆς αὐτῆς βάσεως ὄντα καὶ ἐν ταῖς αὐταῖς παραλλήλοις ἴσα ἀλλήλοις ἐστίν. 
1.Prop.36	@τὰ[1]-ἐστίν[1]	τὰ παραλληλόγραμμα τὰ ἐπὶ ἴσων βάσεων ὄντα καὶ ἐν ταῖς αὐταῖς παραλλήλοις ἴσα ἀλλήλοις ἐστίν. 
1.Prop.37	@τὰ[1]-ἐστίν[1]	τὰ τρίγωνα τὰ ἐπὶ τῆς αὐτῆς βάσεως ὄντα καὶ ἐν ταῖς αὐταῖς παραλλήλοις ἴσα ἀλλήλοις ἐστίν. 
1.Prop.38	@τὰ[1]-ἐστίν[1]	τὰ τρίγωνα τὰ ἐπὶ ἴσων βάσεων ὄντα καὶ ἐν ταῖς αὐταῖς παραλλήλοις ἴσα ἀλλήλοις ἐστίν. 
1.Prop.39	@τὰ[1]-ἐστίν[1]	τὰ ἴσα τρίγωνα τὰ ἐπὶ τῆς αὐτῆς βάσεως ὄντα καὶ ἐπὶ τὰ αὐτὰ μέρη καὶ ἐν ταῖς αὐταῖς παραλλήλοις ἐστίν. 
1.Prop.40	@τὰ[1]-ἐστίν[1]	τὰ ἴσα τρίγωνα τὰ ἐπὶ ἴσων βάσεων ὄντα καὶ ἐπὶ τὰ αὐτὰ μέρη καὶ ἐν ταῖς αὐταῖς παραλλήλοις ἐστίν. 
1.Prop.41	@ἐὰν[1]-τριγώνου[1]	ἐὰν παραλληλόγραμμον τριγώνῳ βάσιν τε ἔχῃ τὴν αὐτὴν καὶ ἐν ταῖς αὐταῖς παραλλήλοις ᾖ, διπλάσιόν ἐστι τὸ παραλληλόγραμμον τοῦ τριγώνου. 
1.Prop.42	@τῷ[1]-εὐθυγράμμῳ[1]	τῷ δοθέντι τριγώνῳ ἴσον παραλληλόγραμμον συστήσασθαι ἐν τῇ δοθείσῃ γωνίᾳ εὐθυγράμμῳ. 
1.Prop.43	@παντὸς[1]-ἐστίν[1]	παντὸς παραλληλογράμμου τῶν περὶ τὴν διάμετρον παραλληλογράμμων τὰ παραπληρώματα ἴσα ἀλλήλοις ἐστίν. 
1.Prop.44	@παρὰ[1]-εὐθυγράμμῳ[1]	παρὰ τὴν δοθεῖσαν εὐθεῖαν τῷ δοθέντι τριγώνῳ ἴσον παραλληλόγραμμον παραβαλεῖν ἐν τῇ δοθείσῃ γωνίᾳ εὐθυγράμμῳ. 
1.Prop.45	@τῷ[1]-εὐθυγράμμῳ[2]	τῷ δοθέντι εὐθυγράμμῳ ἴσον παραλληλόγραμμον συστήσασθαι ἐν τῇ δοθείσῃ γωνίᾳ εὐθυγράμμῳ. 
1.Prop.46	@ἀπὸ[1]-ἀναγράψαι[1]	ἀπὸ τῆς δοθείσης εὐθείας τετράγωνον ἀναγράψαι. 
1.Prop.47	@ἐν[1]-τετραγώνοις[1]	ἐν τοῖς ὀρθογωνίοις τριγώνοις τὸ ἀπὸ τῆς τὴν ὀρθὴν γωνίαν ὑποτεινούσης πλευρᾶς τετράγωνον ἴσον ἐστὶ τοῖς ἀπὸ τῶν τὴν ὀρθὴν γωνίαν περιεχουσῶν πλευρῶν τετραγώνοις. 
1.Prop.48	@ἐὰν[1]-ἐστιν[1]	ἐὰν τριγώνου τὸ ἀπὸ μιᾶς τῶν πλευρῶν τετράγωνον ἴσον ᾖ τοῖς ἀπὸ τῶν λοιπῶν τοῦ τριγώνου δύο πλευρῶν τετραγώνοις, ἡ περιεχομένη γωνία ὑπὸ τῶν λοιπῶν τοῦ τριγώνου δύο πλευρῶν ὀρθή ἐστιν. 
2.Prop.1	@ἐὰν[1]-ὀρθογωνίοις[1]	ἐὰν ὦσι δύο εὐθεῖαι, τμηθῇ δὲ ἡ ἑτέρα αὐτῶν εἰς ὁσαδηποτοῦν τμήματα, τὸ περιεχόμενον ὀρθογώνιον ὑπὸ τῶν δύο εὐθειῶν ἴσον ἐστὶ τοῖς ὑπό τε τῆς ἀτμήτου καὶ ἑκάστου τῶν τμημάτων περιεχομένοις ὀρθογωνίοις. 
2.Prop.2	@ἐὰν[1]-τετραγώνῳ[1]	ἐὰν εὐθεῖα γραμμὴ τμηθῇ, ὡς ἔτυχεν, τὸ ὑπὸ τῆς ὅλης καὶ ἑκατέρου τῶν τμημάτων περιεχόμενον ὀρθογώνιον ἴσον ἐστὶ τῷ ἀπὸ τῆς ὅλης τετραγώνῳ. 
2.Prop.3	@ἐὰν[1]-τετραγώνῳ[1]	ἐὰν εὐθεῖα γραμμὴ τμηθῇ, ὡς ἔτυχεν, τὸ ὑπὸ τῆς ὅλης καὶ ἑνὸς τῶν τμημάτων περιεχόμενον ὀρθογώνιον ἴσον ἐστὶ τῷ τε ὑπὸ τῶν τμημάτων περιεχομένῳ ὀρθογωνίῳ καὶ τῷ ἀπὸ τοῦ προειρημένου τμήματος τετραγώνῳ. 
2.Prop.4	@ἐὰν[1]-ὀρθογωνίῳ[1]	ἐὰν εὐθεῖα γραμμὴ τμηθῇ, ὡς ἔτυχεν, τὸ ἀπὸ τῆς ὅλης τετράγωνον ἴσον ἐστὶ τοῖς τε ἀπὸ τῶν τμημάτων τετραγώνοις καὶ τῷ δὶς ὑπὸ τῶν τμημάτων περιεχομένῳ ὀρθογωνίῳ. 
2.Prop.5	@ἐὰν[1]-τετραγώνῳ[1]	ἐὰν εὐθεῖα γραμμὴ τμηθῇ εἰς ἴσα καὶ ἄνισα, τὸ ὑπὸ τῶν ἀνίσων τῆς ὅλης τμημάτων περιεχόμενον ὀρθογώνιον μετὰ τοῦ ἀπὸ τῆς μεταξὺ τῶν τομῶν τετραγώνου ἴσον ἐστὶ τῷ ἀπὸ τῆς ἡμισείας τετραγώνῳ. 
2.Prop.6	@ἐὰν[1]-τετραγώνῳ[1]	ἐὰν εὐθεῖα γραμμὴ τμηθῇ δίχα, προστεθῇ δέ τις αὐτῇ εὐθεῖα ἐπʼ εὐθείας, τὸ ὑπὸ τῆς ὅλης σὺν τῇ προσκειμένῃ καὶ τῆς προσκειμένης περιεχόμενον ὀρθογώνιον μετὰ τοῦ ἀπὸ τῆς ἡμισείας τετραγώνου ἴσον ἐστὶ τῷ ἀπὸ τῆς συγκειμένης ἔκ τε τῆς ἡμισείας καὶ τῆς προσκειμένης τετραγώνῳ. 
	@ἐὰν[1]-τετραγώνῳ[1]	ἐὰν εὐθεῖα γραμμὴ τμηθῇ, ὡς ἔτυχεν, τὸ ἀπὸ τῆς ὅλης καὶ τὸ ἀφ᾽ ἑνὸς τῶν τμημάτων τὰ συναμφότερα τετράγωνα ἴσα ἐστὶ τῷ τε δὶς ὑπὸ τῆς ὅλης καὶ τοῦ εἰρημένου τμήματος περιεχομένῳ ὀρθογωνίῳ καὶ τῷ ἀπὸ τοῦ λοιποῦ τμήματος τετραγώνῳ.
2.Prop.8	@ἐὰν[1]-τετραγώνῳ[1]	ἐὰν εὐθεῖα γραμμὴ τμηθῇ, ὡς ἔτυχεν, τὸ τετράκις ὑπὸ τῆς ὅλης καὶ ἑνὸς τῶν τμημάτων περιεχόμενον ὀρθογώνιον μετὰ τοῦ ἀπὸ τοῦ λοιποῦ τμήματος τετραγώνου ἴσον ἐστὶ τῷ ἀπό τε τῆς ὅλης καὶ τοῦ εἰρημένου τμήματος ὡς ἀπὸ μιᾶς ἀναγραφέντι τετραγώνῳ. 
2.Prop.9	@ἐὰν[1]-τετραγώνου[1]	ἐὰν εὐθεῖα γραμμὴ τμηθῇ εἰς ἴσα καὶ ἄνισα, τὰ ἀπὸ τῶν ἀνίσων τῆς ὅλης τμημάτων τετράγωνα διπλάσιά ἐστι τοῦ τε ἀπὸ τῆς ἡμισείας καὶ τοῦ ἀπὸ τῆς μεταξὺ τῶν τομῶν τετραγώνου. 
2.Prop.10	@ἐὰν[1]-τετραγώνου[1]	ἐὰν εὐθεῖα γραμμὴ τμηθῇ δίχα, προστεθῇ δέ τις αὐτῇ εὐθεῖα ἐπʼ εὐθείας, τὸ ἀπὸ τῆς ὅλης σὺν τῇ προσκειμένῃ καὶ τὸ ἀπὸ τῆς προσκειμένης τὰ συναμφότερα τετράγωνα διπλάσιά ἐστι τοῦ τε ἀπὸ τῆς ἡμισείας καὶ τοῦ ἀπὸ τῆς συγκειμένης ἔκ τε τῆς ἡμισείας καὶ τῆς προσκειμένης ὡς ἀπὸ μιᾶς ἀναγραφέντος τετραγώνου. 
2.Prop.11	@τὴν[1]-τετραγώνῳ[1]	τὴν δοθεῖσαν εὐθεῖαν τεμεῖν ὥστε τὸ ὑπὸ τῆς ὅλης καὶ τοῦ ἑτέρου τῶν τμημάτων περιεχόμενον ὀρθογώνιον ἴσον εἶναι τῷ ἀπὸ τοῦ λοιποῦ τμήματος τετραγώνῳ. 
2.Prop.12	@ἐν[1]-γωνίᾳ[1]	ἐν τοῖς ἀμβλυγωνίοις τριγώνοις τὸ ἀπὸ τῆς τὴν ἀμβλεῖαν γωνίαν ὑποτεινούσης πλευρᾶς τετράγωνον μεῖζόν ἐστι τῶν ἀπὸ τῶν τὴν ἀμβλεῖαν γωνίαν περιεχουσῶν πλευρῶν τετραγώνων τῷ περιεχομένῳ δὶς ὑπό τε μιᾶς τῶν περὶ τὴν ἀμβλεῖαν γωνίαν, ἐφʼ ἣν ἡ κάθετος πίπτει, καὶ τῆς ἀπολαμβανομένης ἐκτὸς ὑπὸ τῆς καθέτου πρὸς τῇ ἀμβλείᾳ γωνίᾳ. 
2.Prop.13	@ἐν[1]-γωνίᾳ[1]	ἐν τοῖς ὀξυγωνίοις τριγώνοις τὸ ἀπὸ τῆς τὴν ὀξεῖαν γωνίαν ὑποτεινούσης πλευρᾶς τετράγωνον ἔλαττόν ἐστι τῶν ἀπὸ τῶν τὴν ὀξεῖαν γωνίαν περιεχουσῶν πλευρῶν τετραγώνων τῷ περιεχομένῳ δὶς ὑπό τε μιᾶς τῶν περὶ τὴν ὀξεῖαν γωνίαν, ἐφʼ ἣν ἡ κάθετος πίπτει, καὶ τῆς ἀπολαμβανομένης ἐντὸς ὑπὸ τῆς καθέτου πρὸς τῇ ὀξείᾳ γωνίᾳ. 
2.Prop.14	@τῷ[1]-συστήσασθαι[1]	τῷ δοθέντι εὐθυγράμμῳ ἴσον τετράγωνον συστήσασθαι. 
3.Prop.1	@τοῦ[1]-εὑρεῖν[1]	τοῦ δοθέντος κύκλου τὸ κέντρον εὑρεῖν. 
3.Prop.2	@ἐὰν[1]-κύκλου[2]	ἐὰν κύκλου ἐπὶ τῆς περιφερείας ληφθῇ δύο τυχόντα σημεῖα, ἡ ἐπὶ τὰ σημεῖα ἐπιζευγνυμένη εὐθεῖα ἐντὸς πεσεῖται τοῦ κύκλου. 
3.Prop.3	@ἐὰν[1]-τέμνει[1]	ἐὰν ἐν κύκλῳ εὐθεῖά τις διὰ τοῦ κέντρου εὐθεῖάν τινα μὴ διὰ τοῦ κέντρου δίχα τέμνῃ, καὶ πρὸς ὀρθὰς αὐτὴν τέμνει· καὶ ἐὰν πρὸς ὀρθὰς αὐτὴν τέμνῃ, καὶ δίχα αὐτὴν τέμνει. 
3.Prop.4	@ἐὰν[1]-δίχα[1]	ἐὰν ἐν κύκλῳ δύο εὐθεῖαι τέμνωσιν ἀλλήλας μὴ διὰ τοῦ κέντρου οὖσαι, οὐ τέμνουσιν ἀλλήλας δίχα. 
3.Prop.5	@ἐὰν[1]-κέντρον[1]	ἐὰν δύο κύκλοι τέμνωσιν ἀλλήλους, οὐκ ἔσται αὐτῶν τὸ αὐτὸ κέντρον. 
3.Prop.6	@ἐὰν[1]-κέντρον[1]	ἐὰν δύο κύκλοι ἐφάπτωνται ἀλλήλων, οὐκ ἔσται αὐτῶν τὸ αὐτὸ κέντρον. 
3.Prop.7	@ἐὰν[1]-ἐλαχίστης[1]	ἐὰν κύκλου ἐπὶ τῆς διαμέτρου ληφθῇ τι σημεῖον, ὃ μή ἐστι κέντρον τοῦ κύκλου, ἀπὸ δὲ τοῦ σημείου πρὸς τὸν κύκλον προσπίπτωσιν εὐθεῖαί τινες, μεγίστη μὲν ἔσται, ἐφʼ ἧς τὸ κέντρον, ἐλαχίστη δὲ ἡ λοιπή, τῶν δὲ ἄλλων ἀεὶ ἡ ἔγγιον τῆς διὰ τοῦ κέντρου τῆς ἀπώτερον μείζων ἐστίν, δύο δὲ μόνον ἴσαι ἀπὸ τοῦ σημείου προσπεσοῦνται πρὸς τὸν κύκλον ἐφʼ ἑκάτερα τῆς ἐλαχίστης. 
3.Prop.8	@ἐὰν[1]-ἐλαχίστης[2]	ἐὰν κύκλου ληφθῇ τι σημεῖον ἐκτός, ἀπὸ δὲ τοῦ σημείου πρὸς τὸν κύκλον διαχθῶσιν εὐθεῖαί τινες, ὧν μία μὲν διὰ τοῦ κέντρου, αἱ δὲ λοιπαί, ὡς ἔτυχεν, τῶν μὲν πρὸς τὴν κοίλην περιφέρειαν προσπιπτουσῶν εὐθειῶν μεγίστη μέν ἐστιν ἡ διὰ τοῦ κέντρου, τῶν δὲ ἄλλων ἀεὶ ἡ ἔγγιον τῆς διὰ τοῦ κέντρου τῆς ἀπώτερον μείζων ἐστίν, τῶν δὲ πρὸς τὴν κυρτὴν περιφέρειαν προσπιπτουσῶν εὐθειῶν ἐλαχίστη μέν ἐστιν ἡ μεταξὺ τοῦ τε σημείου καὶ τῆς διαμέτρου, τῶν δὲ ἄλλων ἀεὶ ἡ ἔγγιον τῆς ἐλαχίστης  τῆς ἀπώτερόν ἐστιν ἐλάττων, δύο δὲ μόνον ἴσαι ἀπὸ τοῦ σημείου προσπεσοῦνται πρὸς τὸν κύκλον ἐφʼ ἑκάτερα τῆς ἐλαχίστης. 
3.Prop.9	@ἐὰν[1]-κύκλου[2]	ἐὰν κύκλου ληφθῇ τι σημεῖον ἐντός, ἀπὸ δὲ τοῦ σημείου πρὸς τὸν κύκλον προσπίπτωσι πλείους ἢ δύο ἴσαι εὐθεῖαι, τὸ ληφθὲν σημεῖον κέντρον ἐστὶ τοῦ κύκλου. 
3.Prop.10	@κύκλος[1]-δύο[1]	κύκλος κύκλον οὐ τέμνει κατὰ πλείονα σημεῖα ἢ δύο. 
3.Prop.11	@ἐὰν[1]-κύκλων[1]	ἐὰν δύο κύκλοι ἐφάπτωνται ἀλλήλων ἐντός, καὶ ληφθῇ αὐτῶν τὰ κέντρα, ἡ ἐπὶ τὰ κέντρα αὐτῶν ἐπιζευγνυμένη εὐθεῖα καὶ ἐκβαλλομένη ἐπὶ τὴν συναφὴν πεσεῖται τῶν κύκλων. 
3.Prop.12	@ἐὰν[1]-ἐλεύσεται[1]	ἐὰν δύο κύκλοι ἐφάπτωνται ἀλλήλων ἐκτός, ἡ ἐπὶ τὰ κέντρα αὐτῶν ἐπιζευγνυμένη διὰ τῆς ἐπαφῆς ἐλεύσεται. 
3.Prop.13	@κύκλος[1]-ἐφάπτηται[1]	κύκλος κύκλου οὐκ ἐφάπτεται κατὰ πλείονα σημεῖα ἢ καθʼ ἕν, ἐάν τε ἐντὸς ἐάν τε ἐκτὸς ἐφάπτηται. 
3.Prop.14	@ἐν[1]-εἰσίν[1]	ἐν κύκλῳ αἱ ἴσαι εὐθεῖαι ἴσον ἀπέχουσιν ἀπὸ τοῦ κέντρου, καὶ αἱ ἴσον ἀπέχουσαι ἀπὸ τοῦ κέντρου ἴσαι ἀλλήλαις εἰσίν. 
3.Prop.15	@ἐν[1]-ἐστίν[1]	ἐν κύκλῳ μεγίστη μὲν ἡ διάμετρος τῶν δὲ ἄλλων ἀεὶ ἡ ἔγγιον τοῦ κέντρου τῆς ἀπώτερον μείζων ἐστίν. 
3.Prop.16	@ἡ[1]-ἐλάττων[1]	ἡ τῇ διαμέτρῳ τοῦ κύκλου πρὸς ὀρθὰς ἀπʼ ἄκρας ἀγομένη ἐκτὸς πεσεῖται τοῦ κύκλου, καὶ εἰς τὸν μεταξὺ τόπον τῆς τε εὐθείας καὶ τῆς περιφερείας ἑτέρα εὐθεῖα οὐ παρεμπεσεῖται, καὶ ἡ μὲν τοῦ ἡμικυκλίου γωνία ἁπάσης γωνίας ὀξείας εὐθυγράμμου μείζων ἐστίν, ἡ δὲ λοιπὴ ἐλάττων. 
3.Prop.17	@ἀπὸ[1]-ἀγαγεῖν[1]	ἀπὸ τοῦ δοθέντος σημείου τοῦ δοθέντος κύκλου ἐφαπτομένην εὐθεῖαν γραμμὴν ἀγαγεῖν. 
3.Prop.18	@ἐὰν[1]-ἐφαπτομένην[1]	ἐὰν κύκλου ἐφάπτηταί τις εὐθεῖα, ἀπὸ δὲ τοῦ κέντρου ἐπὶ τὴν ἁφὴν ἐπιζευχθῇ τις εὐθεῖα, ἡ ἐπιζευχθεῖσα κάθετος ἔσται ἐπὶ τὴν ἐφαπτομένην. 
3.Prop.19	@ἐὰν[1]-κύκλου[2]	ἐὰν κύκλου ἐφάπτηταί τις εὐθεῖα, ἀπὸ δὲ τῆς ἁφῆς τῇ ἐφαπτομένῃ πρὸς ὀρθὰς<del>γωνίας</del>εὐθεῖα γραμμὴ ἀχθῇ, ἐπὶ τῆς ἀχθείσης ἔσται τὸ κέντρον τοῦ κύκλου. 
3.Prop.20	@ἐν[1]-γωνίαι[1]	ἐν κύκλῳ ἡ πρὸς τῷ κέντρῳ γωνία διπλασίων ἐστὶ τῆς πρὸς τῇ περιφερείᾳ, ὅταν τὴν αὐτὴν περιφέρειαν βάσιν ἔχωσιν αἱ γωνίαι. 
3.Prop.21	@ἐν[1]-εἰσίν[1]	ἐν κύκλῳ αἱ ἐν τῷ αὐτῷ τμήματι γωνίαι ἴσαι ἀλλήλαις εἰσίν. 
3.Prop.22	@τῶν[1]-εἰσίν[1]	τῶν ἐν τοῖς κύκλοις τετραπλεύρων αἱ ἀπεναντίον γωνίαι δυσὶν ὀρθαῖς ἴσαι εἰσίν. 
3.Prop.23	@ἐπὶ[1]-αὐτὰμέρη[1]	ἐπὶ τῆς αὐτῆς εὐθείας δύο τμήματα κύκλων ὅμοια καὶ ἄνισα οὐ συσταθήσεται ἐπὶ τὰ αὐτὰμέρη. 
3.Prop.24	@τὰ[1]-ἐστίν[1]	τὰ ἐπὶ ἴσων εὐθειῶν ὅμοια τμήματα κύκλων ἴσα ἀλλήλοις ἐστίν. 
3.Prop.25	@κύκλου[1]-τμῆμα[1]	κύκλου τμήματος δοθέντος προσαναγράψαι τὸν κύκλον, οὗπέρ ἐστι τμῆμα. 
3.Prop.26	@ἐν[1]-βεβηκυῖαι[1]	ἐν τοῖς ἴσοις κύκλοις αἱ ἴσαι γωνίαι ἐπὶ ἴσων περιφερειῶν βεβήκασιν, ἐάν τε πρὸς τοῖς κέντροις ἐάν τε πρὸς ταῖς περιφερείαις ὦσι βεβηκυῖαι. 
3.Prop.27	@ἐν[1]-βεβηκυῖαι[2]	ἐν τοῖς ἴσοις κύκλοις αἱ ἐπὶ ἴσων περιφερειῶν βεβηκυῖαι γωνίαι ἴσαι ἀλλήλαις εἰσίν, ἐάν τε πρὸς τοῖς κέντροις ἐάντε πρὸς ταῖς περιφερείαις ὦσι βεβηκυῖαι. 
3.Prop.28	@ἐν[1]-ἐλάττονι[1]	ἐν τοῖς ἴσοις κύκλοις αἱ ἴσαι εὐθεῖαι ἴσας περιφερείας ἀφαιροῦσι τὴν μὲν μείζονα τῇ μείζονι τὴν δὲ ἐλάττονα τῇ ἐλάττονι. 
3.Prop.29	@ἐν[1]-ὑποτείνουσιν[1]	ἐν τοῖς ἴσοις κύκλοις τὰς ἴσας περιφερείας ἴσαι εὐθεῖαι ὑποτείνουσιν. 
3.Prop.30	@τὴν[1]-τεμεῖν[1]	τὴν δοθεῖσαν περιφέρειαν δίχα τεμεῖν. 
3.Prop.31	@ἐν[1]-ὀρθῆς[3]	ἐν κύκλῳ ἡ μὲν ἐν τῷ ἡμικυκλίῳ γωνία ὀρθή ἐστιν, ἡ δὲ ἐν τῷ μείζονι τμήματι ἐλάττων ὀρθῆς, ἡ δὲ ἐν τῷ ἐλάττονι τμήματι μείζων ὀρθῆς· καὶ ἔτι ἡ μὲν τοῦ μείζονος τμήματος γωνία μείζων ἐστὶν ὀρθῆς, ἡ δὲ τοῦ ἐλάττονος τμήματος γωνία ἐλάττων ὀρθῆς. 
3.Prop.32	@ἐὰν[1]-γωνίαις[1]	ἐὰν κύκλου ἐφάπτηταί τις εὐθεῖα, ἀπὸ δὲ τῆς ἁφῆς εἰς τὸν κύκλον διαχθῇ τις εὐθεῖα τέμνουσα τὸν κύκλον, ἃςποιεῖ γωνίας πρὸς τῇ ἐφαπτομένῃ, ἴσαι ἔσονται ταῖς ἐν τοῖς ἐναλλὰξ τοῦ κύκλου τμήμασι γωνίαις. 
3.Prop.33	@ἐπὶ[1]-εὐθυγράμμῳ[1]	ἐπὶ τῆς δοθείσης εὐθείας γράψαι τμῆμα κύκλου δεχόμενον γωνίαν ἴσην τῇ δοθείσῃ γωνίᾳ εὐθυγράμμῳ. 
3.Prop.34	@ἀπὸ[1]-εὐθυγράμμῳ[1]	ἀπὸ τοῦ δοθέντος κύκλου τμῆμα ἀφελεῖν δεχόμενον γωνίαν ἴσην τῇ δοθείσῃ γωνίᾳ εὐθυγράμμῳ. 
3.Prop.35	@ἐὰν[1]-ὀρθογωνίῳ[1]	ἐὰν ἐν κύκλῳ δύο εὐθεῖαι τέμνωσιν ἀλλήλας, τὸ ὑπὸ τῶν τῆς μιᾶς τμημάτων περιεχόμενον ὀρθογώνιον ἴσον ἐστὶ τῷ ὑπὸ τῶν τῆς ἑτέρας τμημάτων περιεχομένῳ ὀρθογωνίῳ. 
3.Prop.36	@ἐὰν[1]-τετραγώνῳ[1]	ἐὰν κύκλου ληφθῇ τι σημεῖον ἐκτός, καὶ ἀπʼ αὐτοῦ πρὸς τὸν κύκλον προσπίπτωσι δύο εὐθεῖαι, καὶ ἡ μὲν αὐτῶν τέμνῃ τὸν κύκλον, ἡ δὲ ἐφάπτηται, ἔσται τὸ ὑπὸ ὅλης τῆς τεμνούσης καὶ τῆς ἐκτὸς ἀπολαμβανομένης μεταξὺ τοῦ τε σημείου καὶ τῆς κυρτῆς περιφερείας ἴσον τῷ ἀπὸ τῆς ἐφαπτομένης τετραγώνῳ. 
3.Prop.37	@ἐὰν[1]-κύκλου[2]	ἐὰν κύκλου ληφθῇ τι σημεῖον ἐκτός, ἀπὸ δὲ τοῦ σημείου πρὸς τὸν κύκλον προσπίπτωσι δύο εὐθεῖαι, καὶ ἡ μὲν αὐτῶν τέμνῃ τὸν κύκλον, ἡ δὲ προσπίπτῃ, ᾖ δὲ τὸ ὑπὸ<del>τῆς</del>ὅλης τῆς τεμνούσης καὶ τῆς ἐκτὸς ἀπολαμβανομένης μεταξὺ τοῦ τε σημείου καὶ τῆς κυρτῆς περιφερείας ἴσον τῷ ἀπὸ τῆς προσπιπτούσης, ἡ προσπίπτουσα ἐφάψεται τοῦ κύκλου. 
4.Prop.1	@εἰς[1]-ἐναρμόσαι[1]	εἰς τὸν δοθέντα κύκλον τῇ δοθείσῃ εὐθείᾳ μὴ μείζονι οὔσῃ τῆς τοῦ κύκλου διαμέτρου ἴσην εὐθεῖαν ἐναρμόσαι. 
4.Prop.2	@εἰς[1]-ἐγγράψαι[1]	εἰς τὸν δοθέντα κύκλον τῷ δοθέντι τριγώνῳ ἰσογώνιον τρίγωνον ἐγγράψαι. 
4.Prop.3	@περὶ[1]-περιγράψαι[1]	περὶ τὸν δοθέντα κύκλον τῷ δοθέντι τριγώνῳ ἰσογώνιον τρίγωνον περιγράψαι. 
4.Prop.4	@εἰς[1]-ἐγγράψαι[1]	εἰς τὸ δοθὲν τρίγωνον κύκλον ἐγγράψαι. 
4.Prop.5	@περὶ[1]-περιγράψαι[1]	περὶ τὸ δοθὲν τρίγωνον κύκλον περιγράψαι. 
4.Prop.6	@εἰς[1]-ἐγγράψαι[1]	εἰς τὸν δοθέντα κύκλον τετράγωνον ἐγγράψαι. 
4.Prop.7	@περὶ[1]-περιγράψαι[1]	περὶ τὸν δοθέντα κύκλον τετράγωνον περιγράψαι. 
4.Prop.8	@εἰς[1]-ἐγγράψαι[1]	εἰς τὸ δοθὲν τετράγωνον κύκλον ἐγγράψαι. 
4.Prop.9	@περὶ[1]-περιγράψαι[1]	περὶ τὸ δοθὲν τετράγωνον κύκλον περιγράψαι. 
4.Prop.10	@ἰσοσκελὲς[1]-λοιπῆς[1]	ἰσοσκελὲς τρίγωνον συστήσασθαι ἔχον ἑκατέραν τῶν πρὸς τῇ βάσει γωνιῶν διπλασίονα τῆς λοιπῆς. 
4.Prop.11	@εἰς[1]-ἐγγράψαι[1]	εἰς τὸν δοθέντα κύκλον πεντάγωνον ἰσόπλευρόν τε καὶ ἰσογώνιον ἐγγράψαι. 
4.Prop.12	@περὶ[1]-περιγράψαι[1]	περὶ τὸν δοθέντα κύκλον πεντάγωνον ἰσόπλευρόν τε καὶ ἰσογώνιον περιγράψαι. 
4.Prop.13	@εἰς[1]-ἐγγράψαι[1]	εἰς τὸ δοθὲν πεντάγωνον, ὅ ἐστιν ἰσόπλευρόν τε καὶ ἰσογώνιον, κύκλον ἐγγράψαι. 
4.Prop.14	@περὶ[1]-περιγράψαι[1]	περὶ τὸ δοθὲν πεντάγωνον, ὅ ἐστιν ἰσόπλευρόν τε καὶ ἰσογώνιον, κύκλον περιγράψαι. 
4.Prop.15	@εἰς[1]-ἐγγράψαι[1]	εἰς τὸν δοθέντα κύκλον ἑξάγωνον ἰσόπλευρόν τε καὶ ἰσογώνιον ἐγγράψαι. 
4.Prop.16	@εἰς[1]-ἐγγράψαι[1]	εἰς τὸν δοθέντα κύκλον πεντεκαιδεκάγωνον ἰσόπλευρόν τε καὶ ἰσογώνιον ἐγγράψαι. 
5.Prop.1	@ἐὰν[1]-πάντων[1]	ἐὰν ᾖ ὁποσαοῦν μεγέθη ὁποσωνοῦν μεγεθῶν ἴσων τὸ πλῆθος ἕκαστον ἑκάστου ἰσάκις πολλαπλάσιον, ὁσαπλάσιόν ἐστιν ἓν τῶν μεγεθῶν ἑνός, τοσαυταπλάσια ἔσται καὶ τὰ πάντα τῶν πάντων. 
5.Prop.2	@ἐὰν[1]-τετάρτου[3]	ἐὰν πρῶτον δευτέρου ἰσάκις ᾖ πολλαπλάσιον καὶ τρίτον τετάρτου, ᾖ δὲ καὶ πέμπτον δευτέρου ἰσάκις πολλαπλάσιον καὶ ἕκτον τετάρτου, καὶ συντεθὲν πρῶτον καὶ πέμπτον δευτέρου ἰσάκις ἔσται πολλαπλάσιον καὶ τρίτον καὶ ἕκτον τετάρτου. 
5.Prop.3	@ἐὰν[1]-τετάρτου[2]	ἐὰν πρῶτον δευτέρου ἰσάκις ᾖ πολλαπλάσιον καὶ τρίτον τετάρτου, ληφθῇ δὲ ἰσάκις πολλαπλάσια τοῦ τε πρώτου καὶ τρίτου, καὶ διʼ ἴσου τῶν ληφθέντων ἑκάτερον ἑκατέρου ἰσάκις ἔσται πολλαπλάσιον τὸ μὲν τοῦ δευτέρου τὸ δὲ τοῦ τετάρτου. 
5.Prop.4	@ἐὰν[1]-κατάλληλα[1]	ἐὰν πρῶτον πρὸς δεύτερον τὸν αὐτὸν ἔχῃ λόγον καὶ τρίτον πρὸς τέταρτον, καὶ τὰ ἰσάκις πολλαπλάσια τοῦ τε πρώτου καὶ τρίτου πρὸς τὰ ἰσάκις πολλαπλάσια τοῦ δευτέρου καὶ τετάρτου καθʼ ὁποιονοῦν πολλαπλασιασμὸν τὸν αὐτὸν ἕξει λόγον ληφθέντα κατάλληλα. 
5.Prop.5	@ἐὰν[1]-ὅλου[1]	ἐὰν μέγεθος μεγέθους ἰσάκις ᾖ πολλαπλάσιον, ὅπερ ἀφαιρεθὲν ἀφαιρεθέντος, καὶ τὸ λοιπὸν τοῦ λοιποῦ ἰσάκις ἔσται πολλαπλάσιον, ὁσαπλάσιόν ἐστι τὸ ὅλον τοῦ ὅλου. 
5.Prop.6	@ἐὰν[1]-πολλαπλάσια[3]	ἐὰν δύο μεγέθη δύο μεγεθῶν ἰσάκις ᾖ πολλαπλάσια, καὶ ἀφαιρεθέντα τινὰ τῶν αὐτῶν ἰσάκις ᾖ πολλαπλάσια, καὶ τὰ λοιπὰ τοῖς αὐτοῖς ἤτοι ἴσα ἐστὶν ἢ ἰσάκις αὐτῶν πολλαπλάσια. 
5.Prop.7	@τὰ[1]-ἴσα[2]	τὰ ἴσα πρὸς τὸ αὐτὸ τὸν αὐτὸν ἔχει λόγον καὶ τὸ αὐτὸ πρὸς τὰ ἴσα. 
5.Prop.8	@τῶν[1]-μεῖζον[2]	τῶν ἀνίσων μεγεθῶν τὸ μεῖζον πρὸς τὸ αὐτὸ μείζονα λόγον ἔχει ἤπερ τὸ ἔλαττον. καὶ τὸ αὐτὸ πρὸς τὸ ἔλαττον μείζονα λόγον ἔχει ἤπερ πρὸς τὸ μεῖζον. 
5.Prop.9	@τὰ[1]-ἐστίν[1]	τὰ πρὸς τὸ αὐτὸ τὸν αὐτὸν ἔχοντα λόγον ἴσα ἀλλήλοις ἐστίν· καὶ πρὸς ἃ τὸ αὐτὸ τὸν αὐτὸν ἔχει λόγον, ἐκεῖνα ἴσα ἐστίν. 
5.Prop.10	@τῶν[1]-ἐστιν[1]	τῶν πρὸς τὸ αὐτὸ λόγον ἐχόντων τὸ μείζονα λόγον ἔχον ἐκεῖνο μεῖζόν ἐστιν· πρὸς ὃ δὲ τὸ αὐτὸ μείζονα λόγον ἔχει, ἐκεῖνο ἔλαττόν ἐστιν. 
5.Prop.11	@οἱ[1]-αὐτοί[1]	οἱ τῷ αὐτῷ λόγῳ οἱ αὐτοὶ καὶ ἀλλήλοις εἰσὶν οἱ αὐτοί. 
5.Prop.12	@ἐὰν[1]-ἑπόμενα[1]	ἐὰν ᾖ ὁποσαοῦν μεγέθη ἀνάλογον, ἔσται ὡς ἓν τῶν ἡγουμένων πρὸς ἓν τῶν ἑπομένων, οὕτως ἅπαντα τὰ ἡγούμενα πρὸς ἅπαντα τὰ ἑπόμενα. 
5.Prop.13	@ἐὰν[1]-ἕκτον[2]	ἐὰν πρῶτον πρὸς δεύτερον τὸν αὐτὸν ἔχῃ λόγον καὶ τρίτον πρὸς τέταρτον, τρίτον δὲ πρὸς τέταρτον μείζονα λόγον ἔχῃ ἢ πέμπτον πρὸς ἕκτον, καὶ πρῶτον πρὸς δεύτερον μείζονα λόγον ἕξει ἢ πέμπτον πρὸς ἕκτον.  
5.Prop.14	@ἐὰν[1]-ἔλαττον[2]	ἐὰν πρῶτον πρὸς δεύτερον τὸν αὐτὸν ἔχῃ λόγον καὶ τρίτον πρὸς τέταρτον, τὸ δὲ πρῶτον τοῦ τρίτου μεῖζον ᾖ, καὶ τὸ δεύτερον τοῦ τετάρτου μεῖζον ἔσται, κἂν ἴσον, ἴσον, κἂν ἔλαττον, ἔλαττον. 
5.Prop.15	@τὰ[1]-κατάλληλα[1]	τὰ μέρη τοῖς ὡσαύτως πολλαπλασίοις τὸν αὐτὸν ἔχει λόγον ληφθέντα κατάλληλα. 
5.Prop.16	@ἐὰν[1]-ἔσται[1]	ἐὰν τέσσαρα μεγέθη ἀνάλογον ᾖ, καὶ ἐναλλὰξ ἀνάλογον ἔσται. 
5.Prop.17	@ἐὰν[1]-ἔσται[1]	ἐὰν συγκείμενα μεγέθη ἀνάλογον ᾖ, καὶ διαιρεθέντα ἀνάλογον ἔσται. 
5.Prop.18	@ἐὰν[1]-ἔσται[1]	ἐὰν διῃρημένα μεγέθη ἀνάλογον ᾖ, καὶ συντεθέντα ἀνάλογον ἔσται. 
5.Prop.19	@ἐὰν[1]-ὅλον[4]	ἐὰν ᾖ ὡς ὅλον πρὸς ὅλον, οὕτως ἀφαιρεθὲν πρὸς ἀφαιρεθέν, καὶ τὸ λοιπὸν πρὸς τὸ λοιπὸν ἔσται ὡς ὅλον πρὸς ὅλον. 
5.Prop.20	@ἐὰν[1]-ἔλαττον[2]	ἐὰν ᾖ τρία μεγέθη καὶ ἄλλα αὐτοῖς ἴσα τὸ πλῆθος, σύνδυο λαμβανόμενα καὶ ἐν τῷ αὐτῷ λόγῳ, διʼ ἴσου δὲ τὸ πρῶτον τοῦ τρίτου μεῖζον ᾖ, καὶ τὸ τέταρτον τοῦ ἕκτου μεῖζον ἔσται, κἂν ἴσον, ἴσον, κἂν ἔλαττον, ἔλαττον. 
5.Prop.21	@ἐὰν[1]-ἔλαττον[2]	ἐὰν ᾖ τρία μεγέθη καὶ ἄλλα αὐτοῖς ἴσα τὸ πλῆθος σύνδυο λαμβανόμενα καὶ ἐν τῷ αὐτῷ λόγῳ, ᾖ δὲ τεταραγμένη αὐτῶν ἡ ἀναλογία, διʼ ἴσου δὲ τὸ πρῶτον τοῦ τρίτου μεῖζον ᾖ, καὶ τὸ τέταρτον τοῦ ἕκτου μεῖζον ἔσται, κἂν ἴσον, ἴσον, κἂν ἔλαττον, ἔλαττον. 
5.Prop.22	@ἐὰν[1]-ἔσται[1]	ἐὰν ᾖ ὁποσαοῦν μεγέθη καὶ ἄλλα αὐτοῖς ἴσα τὸ πλῆθος, σύνδυο λαμβανόμενα καὶ ἐν τῷ αὐτῷ λόγῳ, καὶ διʼ ἴσου ἐν τῷ αὐτῷ λόγῳ ἔσται. 
5.Prop.23	@ἐὰν[1]-ἔσται[1]	ἐὰν ᾖ τρία μεγέθη καὶ ἄλλα αὐτοῖς ἴσα τὸ πλῆθος σύνδυο λαμβανόμενα ἐν τῷ αὐτῷ λόγῳ, ᾖ δὲ τεταραγμένη αὐτῶν ἡ ἀναλογία, καὶ διʼ ἴσου ἐν τῷ αὐτῷ λόγῳ ἔσται. 
5.Prop.24	@ἐὰν[1]-τέταρτον[3]	ἐὰν πρῶτον πρὸς δεύτερον τὸν αὐτὸν ἔχῃ λόγον καὶ τρίτον πρὸς τέταρτον, ἔχῃ δὲ καὶ πέμπτον πρὸς δεύτερον τὸν αὐτὸν λόγον καὶ ἕκτον πρὸς τέταρτον, καὶ συντεθὲν πρῶτον καὶ πέμπτον πρὸς δεύτερον τὸν αὐτὸν ἕξει λόγον καὶ τρίτον καὶ ἕκτον πρὸς τέταρτον. 
5.Prop.25	@ἐὰν[1]-ἐστιν[1]	ἐὰν τέσσαρα μεγέθη ἀνάλογον ᾖ, τὸ μέγιστον<del>αὐτῶν</del>καὶ τὸ ἐλάχιστον δύο τῶν λοιπῶν μείζονά ἐστιν. 
6.Prop.1	@τὰ[1]-βάσεις[1]	τὰ τρίγωνα καὶ τὰ παραλληλόγραμμα, τὰ ὑπὸ τὸ αὐτὸ ὕψος ὄντα πρὸς ἄλληλά ἐστιν ὡς αἱ βάσεις. 
6.Prop.2	@ἐὰν[1]-πλευράν[1]	ἐὰν τριγώνου παρὰ μίαν τῶν πλευρῶν ἀχθῇ τις εὐθεῖα, ἀνάλογον τεμεῖ τὰς τοῦ τριγώνου πλευράς· καὶ ἐὰν αἱ τοῦ τριγώνου πλευραὶ ἀνάλογον τμηθῶσιν, ἡ ἐπὶ τὰςτομὰς ἐπιζευγνυμένη εὐθεῖα παρὰ τὴν λοιπὴν ἔσται τοῦ τριγώνου πλευράν. 
6.Prop.3	@ἐὰν[1]-γωνίαν[2]	ἐὰν τριγώνου ἡ γωνία δίχα τμηθῇ, ἡ δὲ τέμνουσα τὴν γωνίαν εὐθεῖα τέμνῃ καὶ τὴν βάσιν, τὰ τῆς βάσεως τμήματα τὸν αὐτὸν ἕξει λόγον ταῖς λοιπαῖς τοῦ τριγώνου πλευραῖς· καὶ ἐὰν τὰ τῆς βάσεως τμήματα τὸν αὐτὸν ἔχῃ λόγον ταῖς λοιπαῖς τοῦ τριγώνου πλευραῖς, ἡ ἀπὸ τῆς κορυφῆς ἐπὶ τὴν τομὴν ἐπιζευγνυμένη εὐθεῖα δίχα τεμεῖ τὴν τοῦ τριγώνου γωνίαν. 
6.Prop.4	@τῶν[1]-ὑποτείνουσαι[1]	τῶν ἰσογωνίων τριγώνων ἀνάλογόν εἰσιν αἱ πλευραὶ αἱ περὶ τὰς ἴσας γωνίας καὶ ὁμόλογοι αἱ ὑπὸ τὰς ἴσας γωνίας ὑποτείνουσαι. 
6.Prop.5	@ἐὰν[1]-ὑποτείνουσιν[1]	ἐὰν δύο τρίγωνα τὰς πλευρὰς ἀνάλογον ἔχῃ, ἰσογώνια ἔσται τὰ τρίγωνα καὶ ἴσας ἕξει τὰς γωνίας, ὑφʼἃς αἱ ὁμόλογοι πλευραὶ ὑποτείνουσιν. 
6.Prop.6	@ἐὰν[1]-ὑποτείνουσιν[1]	ἐὰν δύο τρίγωνα μίαν γωνίαν μιᾷ γωνίᾳ ἴσην ἔχῃ, περὶ δὲ τὰς ἴσας γωνίας τὰς πλευρὰς ἀνάλογον, ἰσογώνια ἔσταιτὰ τρίγωνα καὶ ἴσας ἕξει τὰς γωνίας, ὑφʼ ἃς αἱ ὁμόλογοι πλευραὶ ὑποτείνουσιν. 
6.Prop.7	@ἐὰν[1]-πλευραί[1]	ἐὰν δύο τρίγωνα μίαν γωνίαν μιᾷ γωνίᾳ ἴσην ἔχῃ, περὶ δὲ ἄλλας γωνίας τὰς πλευρὰς ἀνάλογον, τῶν δὲ λοιπῶν ἑκατέραν ἅμα ἤτοι ἐλάσσονα ἢ μὴ ἐλάσσονα ὀρθῆς, ἰσογώνια ἔσται τὰ τρίγωνα καὶ ἴσας ἕξει τὰς γωνίας, περὶ ἃς ἀνάλογόν εἰσιν αἱ πλευραί. 
6.Prop.8	@ἐὰν[1]-ἀλλήλοις[1]	ἐὰν ἐν ὀρθογωνίῳ τριγώνῳ ἀπὸ τῆς ὀρθῆς γωνίας ἐπὶ τὴν βάσιν κάθετος ἀχθῇ, τὰ πρὸς τῇ καθέτῳ τρίγωνα ὅμοιά ἐστι τῷ τε ὅλῳ καὶ ἀλλήλοις. 
6.Prop.9	@τῆς[1]-ἀφελεῖν[1]	τῆς δοθείσης εὐθείας τὸ προσταχθὲν μέρος ἀφελεῖν. 
6.Prop.10	@τὴν[1]-τεμεῖν[1]	τὴν δοθεῖσαν εὐθεῖαν ἄτμητον τῇ δοθείσῃ τετμημένῃ ὁμοίως τεμεῖν. 
6.Prop.11	@δύο[1]-προσευρεῖν[1]	δύο δοθεισῶν εὐθειῶν τρίτην ἀνάλογον προσευρεῖν. 
6.Prop.12	@τριῶν[1]-προσευρεῖν[1]	τριῶν δοθεισῶν εὐθειῶν τετάρτην ἀνάλογον προσευρεῖν. 
6.Prop.13	@δύο[1]-προσευρεῖν[1]	δύο δοθεισῶν εὐθειῶν μέσην ἀνάλογον προσευρεῖν. 
6.Prop.14	@τῶν[1]-ἐκεῖνα[1]	τῶν ἴσων τε καὶ ἰσογωνίων παραλληλογράμμων ἀντιπεπόνθασιν αἱ πλευραὶ αἱ περὶ τὰς ἴσας γωνίας· καὶ ὧν ἰσογωνίων παραλληλογράμμων ἀντιπεπόνθασιν αἱ πλευραὶ αἱ περὶ τὰς ἴσας γωνίας, ἴσα ἐστὶν ἐκεῖνα. 
6.Prop.15	@τῶν[1]-ἐκεῖνα[1]	τῶν ἴσων καὶ μίαν μιᾷ ἴσην ἐχόντων γωνίαν τριγώνων ἀντιπεπόνθασιν αἱ πλευραὶ αἱ περὶ τὰς ἴσας γωνίας· καὶ ὧν μίαν μιᾷ ἴσην ἐχόντων γωνίαν τριγώνων ἀντιπεπόνθασιν αἱ πλευραὶ αἱ περὶ τὰς ἴσας γωνίας, ἴσα ἐστὶν ἐκεῖνα. 
6.Prop.16	@ἐὰν[1]-ἔσονται[1]	ἐὰν τέσσαρες εὐθεῖαι ἀνάλογον ὦσιν, τὸ ὑπὸ τῶν ἄκρων περιεχόμενον ὀρθογώνιον ἴσον ἐστὶ τῷ ὑπὸ τῶν μέσων περιεχομένῳ ὀρθογωνίῳ· κἂν τὸ ὑπὸ τῶν ἄκρων περιεχόμενον ὀρθογώνιον ἴσον ᾖ τῷ ὑπὸ τῶν μέσων περιεχομένῳ ὀρθογωνίῳ, αἱ τέσσαρες εὐθεῖαι ἀνάλογον ἔσονται. 
6.Prop.17	@ἐὰν[1]-ἔσονται[1]	ἐὰν τρεῖς εὐθεῖαι ἀνάλογον ὦσιν, τὸ ὑπὸ τῶν ἄκρων περιεχόμενον ὀρθογώνιον ἴσον ἐστὶ τῷ ἀπὸ τῆς μέσης τετραγώνῳ· κἂν τὸ ὑπὸ τῶν ἄκρων περιεχόμενον ὀρθογώνιον ἴσον ᾖ τῷ ἀπὸ τῆς μέσης τετραγώνῳ, αἱ τρεῖς εὐθεῖαι ἀνάλογον ἔσονται. 
6.Prop.18	@ἀπὸ[1]-ἀναγράψαι[1]	ἀπὸ τῆς δοθείσης εὐθείας τῷ δοθέντι εὐθυγράμμῳ ὅμοιόν τε καὶ ὁμοίως κείμενον εὐθύγραμμον ἀναγράψαι. 
6.Prop.19	@τὰ[1]-πλευρῶν[1]	τὰ ὅμοια τρίγωνα πρὸς ἄλληλα ἐν διπλασίονι λόγῳ ἐστὶ τῶν ὁμολόγων πλευρῶν. 
6.Prop.20	@τὰ[1]-πλευράν[1]	τὰ ὅμοια πολύγωνα εἴς τε ὅμοια τρίγωνα διαιρεῖται καὶ εἰς ἴσα τὸ πλῆθος καὶ ὁμόλογα τοῖς ὅλοις, καὶ τὸ πολύγωνον πρὸς τὸ πολύγωνον διπλασίονα λόγον ἔχει ἤπερ ἡ ὁμόλογος πλευρὰ πρὸς τὴν ὁμόλογον πλευράν. 
6.Prop.21	@τὰ[1]-ὅμοια[2]	τὰ τῷ αὐτῷ εὐθυγράμμῳ ὅμοια καὶ ἀλλήλοις ἐστὶν ὅμοια. 
6.Prop.22	@ἐὰν[1]-ἔσονται[1]	ἐὰν τέσσαρες εὐθεῖαι ἀνάλογον ὦσιν, καὶ τὰ ἀπʼ αὐτῶν εὐθύγραμμα ὅμοιά τε καὶ ὁμοίως ἀναγεγραμμένα ἀνάλογον ἔσται· κἂν τὰ ἀπʼ αὐτῶν εὐθύγραμμα ὅμοιά τε καὶ ὁμοίως ἀναγεγραμμένα ἀνάλογον ᾖ, καὶ αὐταὶ αἱ εὐθεῖαι ἀνάλογον ἔσονται. 
6.Prop.23	@τὰ[1]-πλευρῶν[1]	τὰ ἰσογώνια παραλληλόγραμμα πρὸς ἄλληλα λόγον ἔχει τὸν συγκείμενον ἐκ τῶν πλευρῶν. 
6.Prop.24	@παντὸς[1]-ἀλλήλοις[1]	παντὸς παραλληλογράμμου τὰ περὶ τὴν διάμετρον παραλληλόγραμμα ὅμοιά ἐστι τῷ τε ὅλῳ καὶ ἀλλήλοις. 
6.Prop.25	@τῷ[1]-συστήσασθαι[1]	τῷ δοθέντι εὐθυγράμμῳ ὅμοιον καὶ ἄλλῳ τῷ δοθέντι ἴσον τὸ αὐτὸ συστήσασθαι. 
6.Prop.26	@ἐὰν[1]-ὅλῳ[2]	ἐὰν ἀπὸ παραλληλογράμμου παραλληλόγραμμον ἀφαιρεθῇ ὅμοιόν τε τῷ ὅλῳ καὶ ὁμοίως κείμενον κοινὴν γωνίαν ἔχον αὐτῷ, περὶ τὴν αὐτὴν διάμετρόν ἐστι τῷ ὅλῳ. 
6.Prop.27	@πάντων[1]-ἐλλείμματι[1]	πάντων τῶν παρὰ τὴν αὐτὴν εὐθεῖαν παραβαλλομένων παραλληλογράμμων καὶ ἐλλειπόντων εἴδεσι παραλληλογράμμοις ὁμοίοις τε καὶ ὁμοίως κειμένοις τῷ ἀπὸ τῆς ἡμισείας ἀναγραφομένῳ μέγιστόν ἐστι τὸ ἀπὸ τῆς ἡμισείας παραβαλλόμενον<del>παραλληλόγραμμον</del>ὅμοιον ὂν τῷ ἐλλείμματι. 
6.Prop.28	@παρὰ[1]-ἐλλείπειν[1]	παρὰ τὴν δοθεῖσαν εὐθεῖαν τῷ δοθέντι εὐθυγράμμῳ ἴσον παραλληλόγραμμον παραβαλεῖν ἐλλεῖπον εἴδει παραλληλογράμμῳ ὁμοίῳ τῷ δοθέντι· δεῖ δὲ τὸ διδόμενον εὐθύγραμμον<del>ᾧ δεῖ ἴσον παραβαλεῖν</del>μὴ μεῖζον εἶναι τοῦ ἀπὸ τῆς ἡμισείας ἀναγραφομένου ὁμοίου τῷ ἐλλείμματι<del>τοῦ τε ἀπὸ τῆς ἡμισείας καὶ ᾧ δεῖ ὅμοιον ἐλλείπειν</del>. 
6.Prop.29	@παρὰ[1]-δοθέντι[2]	παρὰ τὴν δοθεῖσαν εὐθεῖαν τῷ δοθέντι εὐθυγράμμῳ ἴσον παραλληλόγραμμον παραβαλεῖν ὑπερβάλλον εἴδει παραλληλογράμμῳ ὁμοίῳ τῷ δοθέντι. 
6.Prop.30	@τὴν[1]-τεμεῖν[1]	τὴν δοθεῖσαν εὐθεῖαν πεπερασμένην ἄκρον καὶ μέσον λόγον τεμεῖν. 
6.Prop.31	@ἐν[1]-ἀναγραφομένοις[1]	ἐν τοῖς ὀρθογωνίοις τριγώνοις τὸ ἀπὸ τῆς τὴν ὀρθὴν γωνίαν ὑποτεινούσης πλευρᾶς εἶδος ἴσον ἐστὶ τοῖς ἀπὸ τῶν τὴν ὀρθὴν γωνίαν περιεχουσῶν πλευρῶν εἴδεσι τοῖς ὁμοίοις τε καὶ ὁμοίως ἀναγραφομένοις. 
6.Prop.32	@ἐὰν[1]-ἔσονται[1]	ἐὰν δύο τρίγωνα συντεθῇ κατὰ μίαν γωνίαν τὰς δύο πλευρὰς ταῖς δυσὶ πλευραῖς ἀνάλογον ἔχοντα ὥστε τὰς ὁμολόγους αὐτῶν πλευρὰς καὶ παραλλήλους εἶναι, αἱ λοιπαὶ τῶν τριγώνων πλευραὶ ἐπʼ εὐθείας ἔσονται. 
6.Prop.33	@ἐν[1]-βεβηκυῖαι[1]	ἐν τοῖς ἴσοις κύκλοις αἱ γωνίαι τὸν αὐτὸν ἔχουσι λόγον ταῖς περιφερείαις, ἐφʼ ὧν βεβήκασιν, ἐάν τε πρὸς τοῖς κέντροις ἐάν τε πρὸς ταῖς περιφερείαις ὦσι βεβηκυῖαι. 
7.Prop.1	@δύο[1]-ἔσονται[1]	δύο ἀριθμῶν ἀνίσων ἐκκειμένων, ἀνθυφαιρουμένου δὲ ἀεὶ τοῦ ἐλάσσονος ἀπὸ τοῦ μείζονος, ἐὰν ὁ λειπόμενος μηδέποτε καταμετρῇ τὸν πρὸ ἑαυτοῦ, ἕως οὗ λειφθῇ μονάς, οἱ ἐξ ἀρχῆς ἀριθμοὶ πρῶτοι πρὸς ἀλλήλους ἔσονται. 
7.Prop.2	@δύο[1]-εὑρεῖν[1]	δύο ἀριθμῶν δοθέντων μὴ πρώτων πρὸς ἀλλήλους τὸ μέγιστον αὐτῶν κοινὸν μέτρον εὑρεῖν. 
7.Prop.3	@τριῶν[1]-εὑρεῖν[1]	τριῶν ἀριθμῶν δοθέντων μὴ πρώτων πρὸς ἀλλήλους τὸ μέγιστον αὐτῶν κοινὸν μέτρον εὑρεῖν. 
7.Prop.4	@ἅπας[1]-μέρη[1]	ἅπας ἀριθμὸς παντὸς ἀριθμοῦ ὁ ἐλάσσων τοῦ μείζονος ἤτοι μέρος ἐστὶν ἢ μέρη. 
7.Prop.5	@ἐὰν[1]-ἑνός[1]	ἐὰν ἀριθμός ἀριθμοῦ μέρος ᾖ, καὶ ἕτερος ἑτέρου τὸ αὐτὸ μέρος ᾖ, καὶ συναμφότερος συναμφοτέρου τὸ αὐτὸ μέρος ἔσται, ὅπερ ὁ εἷς τοῦ ἑνός. 
7.Prop.6	@ἐὰν[1]-ἑνός[1]	ἐὰν ἀριθμὸς ἀριθμοῦ μέρη ᾖ, καὶ ἕτερος ἑτέρου τὰ αὐτὰ μέρη ᾖ, καὶ συναμφότερος συναμφοτέρου τὰ αὐτὰ μέρη ἔσται, ὅπερ ὁ εἷς τοῦ ἑνός. 
7.Prop.7	@ἐὰν[1]-ὅλου[1]	ἐὰν ἀριθμὸς ἀριθμοῦ μέρος ᾖ, ὅπερ ἀφαιρεθεὶς ἀφαιρεθέντος, καὶ ὁ λοιπὸς τοῦ λοιποῦ τὸ αὐτὸ μέρος ἔσται, ὅπερ ὁ ὅλος τοῦ ὅλου. 
7.Prop.8	@ἐὰν[1]-ὅλου[1]	ἐὰν ἀριθμὸς ἀριθμοῦ μέρη ᾖ, ἅπερ ἀφαιρεθεὶς ἀφαιρεθέντος, καὶ ὁ λοιπὸς τοῦ λοιποῦ τὰ αὐτὰ μέρη ἔσται, ἅπερ ὁ ὅλος τοῦ ὅλου. 
7.Prop.9	@ἐὰν[1]-τετάρτου[1]	ἐὰν ἀριθμὸς ἀριθμοῦ μέρος ᾖ, καὶ ἕτερος ἑτέρου τὸ αὐτὸ μέρος ᾖ, καὶ ἐναλλάξ, ὃ μέρος ἐστὶν ἢ μέρη ὁ πρῶτος τοῦ τρίτου, τὸ αὐτὸ μέρος ἔσται ἢ τὰ αὐτὰ μέρη καὶ ὁ δεύτερος τοῦ τετάρτου. 
7.Prop.10	@ἐὰν[1]-μέρος[2]	ἐὰν ἀριθμὸς ἀριθμοῦ μέρη ᾖ, καὶ ἕτερος ἑτέρου τὰ αὐτὰ μέρη ᾖ, καὶ ἐναλλάξ, ἃ μέρη ἐστὶν ὁ πρῶτος τοῦ τρίτου ἢ μέρος, τὰ αὐτὰ μέρη ἔσται καὶ ὁ δεύτερος τοῦ τετάρτου ἢ τὸ αὐτὸ μέρος. 
7.Prop.11	@ἐὰν[1]-ὅλον[2]	ἐὰν ᾖ ὡς ὅλος πρὸς ὅλον, οὕτως ἀφαιρεθεὶς πρὸς ἀφαιρεθέντα, καὶ ὁ λοιπὸς πρὸς τὸν λοιπὸν ἔσται, ὡς ὅλος πρὸς ὅλον. 
7.Prop.12	@ἐὰν[1]-ἑπομένους[1]	ἐὰν ὦσιν ὁποσοιοῦν ἀριθμοὶ ἀνάλογον, ἔσται ὡς εἷς τῶν ἡγουμένων πρὸς ἕνα τῶν ἑπομένων, οὕτως ἅπαντες οἱ ἡγούμενοι πρὸς ἅπαντας τοὺς ἑπομένους. 
7.Prop.13	@ἐὰν[1]-ἔσονται[1]	ἐὰν τέσσαρες ἀριθμοὶ ἀνάλογον ὦσιν, καὶ ἐναλλὰξ ἀνάλογον ἔσονται. 
7.Prop.14	@ἐὰν[1]-ἔσονται[1]	ἐὰν ὦσιν ὁποσοιοῦν ἀριθμοὶ καὶ ἄλλοι αὐτοῖς ἴσοι τὸ πλῆθος σύνδυο λαμβανόμενοι καὶ ἐν τῷ αὐτῷ λόγῳ, καὶ διʼ ἴσου ἐν τῷ αὐτῷ λόγῳ ἔσονται. 
7.Prop.15	@ἐὰν[1]-τέταρτον[1]	ἐὰν μονὰς ἀριθμόν τινα μετρῇ, ἰσάκις δὲ ἕτερος ἀριθμὸς ἄλλον τινὰ ἀριθμὸν μετρῇ, καὶ ἐναλλὰξ ἰσάκις ἡ μονὰς τὸν τρίτον ἀριθμὸν μετρήσει καὶ ὁ δεύτερος τὸν τέταρτον. 
7.Prop.16	@ἐὰν[1]-ἔσονται[1]	ἐὰν δύο ἀριθμοὶ πολλαπλασιάσαντες ἀλλήλους ποιῶσί τινας, οἱ γενόμενοι ἐξ αὐτῶν ἴσοι ἀλλήλοις ἔσονται. 
7.Prop.17	@ἐὰν[1]-πολλαπλασιασθεῖσιν[1]	ἐὰν ἀριθμὸς δύο ἀριθμοὺς πολλαπλασιάσας ποιῇ τινας, οἱ γενόμενοι ἐξ αὐτῶν τὸν αὐτὸν ἕξουσι λόγον τοῖς πολλαπλασιασθεῖσιν. 
7.Prop.18	@ἐὰν[1]-πολλαπλασιάσασιν[1]	ἐὰν δύο ἀριθμοὶ ἀριθμόν τινα πολλαπλασιάσαντες ποιῶσί τινας, οἱ γενόμενοι ἐξ αὐτῶν τὸν αὐτὸν ἕξουσι λόγον τοῖς πολλαπλασιάσασιν. 
7.Prop.19	@ἐὰν[1]-ἔσονται[1]	ἐὰν τέσσαρες ἀριθμοὶ ἀνάλογον ὦσιν, ὁ ἐκ πρώτου καὶ τετάρτου γενόμενος ἀριθμὸς ἴσος ἔσται τῷ ἐκ δευτέρου καὶ τρίτου γενομένῳ ἀριθμῷ· καὶ ἐὰν ὁ ἐκ πρώτου καὶ τετάρτου γενόμενος ἀριθμὸς ἴσος ᾖ τῷ ἐκ δευτέρου καὶ τρίτου, οἱ τέσσαρες ἀριθμοὶ ἀνάλογον ἔσονται. 
7.Prop.20	@οἱ[1]-ἐλάσσονα[1]	οἱ ἐλάχιστοι ἀριθμοὶ τῶν τὸν αὐτὸν λόγον ἐχόντων αὐτοῖς μετροῦσι τοὺς τὸν αὐτὸν λόγον ἔχοντας ἰσάκις ὅ τε μείζων τὸν μείζονα καὶ ὁ ἐλάσσων τὸν ἐλάσσονα. 
7.Prop.21	@οἱ[1]-αὐτοῖς[1]	οἱ πρῶτοι πρὸς ἀλλήλους ἀριθμοὶ ἐλάχιστοί εἰσι τῶν τὸν αὐτὸν λόγον ἐχόντων αὐτοῖς. 
7.Prop.22	@οἱ[1]-εἰσίν[1]	οἱ ἐλάχιστοι ἀριθμοὶ τῶν τὸν αὐτὸν λόγον ἐχόντων αὐτοῖς πρῶτοι πρὸς ἀλλήλους εἰσίν. 
7.Prop.23	@ἐὰν[1]-ἔσται[1]	ἐὰν δύο ἀριθμοὶ πρῶτοι πρὸς ἀλλήλους ὦσιν, ὁ τὸν ἕνα αὐτῶν μετρῶν ἀριθμὸς πρὸς τὸν λοιπὸν πρῶτος ἔσται. 
7.Prop.24	@ἐὰν[1]-ἔσται[1]	ἐὰν δύο ἀριθμοὶ πρός τινα ἀριθμὸν πρῶτοι ὦσιν, καὶ ὁ ἐξ αὐτῶν γενόμενος πρὸς τὸν αὐτὸν πρῶτος ἔσται. 
7.Prop.25	@ἐὰν[1]-ἔσται[1]	ἐὰν δύο ἀριθμοὶ πρῶτοι πρὸς ἀλλήλους ὦσιν, ὁ ἐκ τοῦ ἑνὸς αὐτῶν γενόμενος πρὸς τὸν λοιπὸν πρῶτος ἔσται. 
7.Prop.26	@ἐὰν[1]-ἔσονται[1]	ἐὰν δύο ἀριθμοὶ πρὸς δύο ἀριθμοὺς ἀμφότεροι πρὸς ἑκάτερον πρῶτοι ὦσιν, καὶ οἱ ἐξ αὐτῶν γενόμενοι πρῶτοι πρὸς ἀλλήλους ἔσονται. 
7.Prop.27	@ἐὰν[1]-συμβαίνει[1]	ἐὰν δύο ἀριθμοὶ πρῶτοι πρὸς ἀλλήλους ὦσιν, καὶ πολλαπλασιάσας ἑκάτερος ἑαυτὸν ποιῇ τινα, οἱ γενόμενοι ἐξ αὐτῶν πρῶτοι πρὸς ἀλλήλους ἔσονται, κἂν οἱ ἐξ ἀρχῆς τοὺς γενομένους πολλαπλασιάσαντες ποιῶσί τινας, κἀκεῖνοι πρῶτοι πρὸς ἀλλήλους ἔσονται<del>καὶ ἀεὶ περὶ τοὺς ἄκρους τοῦτο συμβαίνει</del>. 
7.Prop.28	@ἐὰν[1]-ἔσονται[1]	ἐὰν δύο ἀριθμοὶ πρῶτοι πρὸς ἀλλήλους ὦσιν, καὶ συναμφότερος πρὸς ἑκάτερον αὐτῶν πρῶτος ἔσται· καὶ ἐὰν συναμφότερος πρὸς ἕνα τινὰ αὐτῶν πρῶτος ᾖ, καὶ οἱ ἐξ ἀρχῆς ἀριθμοὶ πρῶτοι πρὸς ἀλλήλους ἔσονται. 
7.Prop.29	@ἅπας[1]-ἐστιν[1]	ἅπας πρῶτος ἀριθμὸς πρὸς ἅπαντα ἀριθμόν, ὃν μὴ μετρεῖ, πρῶτός ἐστιν. 
7.Prop.30	@ἐὰν[1]-μετρήσει[1]	ἐὰν δύο ἀριθμοὶ πολλαπλασιάσαντες ἀλλήλους ποιῶσί τινα, τὸν δὲ γενόμενον ἐξ αὐτῶν μετρῇ τις πρῶτος ἀριθμός, καὶ ἕνα τῶν ἐξ ἀρχῆς μετρήσει. 
7.Prop.31	@ἅπας[1]-μετρεῖται[1]	ἅπας σύνθετος ἀριθμὸς ὑπὸ πρώτου τινὸς ἀριθμοῦ μετρεῖται. 
7.Prop.32	@ἅπας[1]-μετρεῖται[1]	ἅπας ἀριθμὸς ἤτοι πρῶτός ἐστιν ἢ ὑπὸ πρώτου τινὸς ἀριθμοῦ μετρεῖται. 
7.Prop.33	@ἀριθμῶν[1]-αὐτοῖς[1]	ἀριθμῶν δοθέντων ὁποσωνοῦν εὑρεῖν τοὺς ἐλαχίστους τῶν τὸν αὐτὸν λόγον ἐχόντων αὐτοῖς. 
7.Prop.34	@δύο[1]-ἀριθμόν[1]	δύο ἀριθμῶν δοθέντων εὑρεῖν, ὃν ἐλάχιστον μετροῦσιν ἀριθμόν. 
7.Prop.35	@ἐὰν[1]-μετρήσει[1]	ἐὰν δύο ἀριθμοὶ ἀριθμόν τινα μετρῶσιν, καὶ ὁ ἐλάχιστος ὑπʼ αὐτῶν μετρούμενος τὸν αὐτὸν μετρήσει. 
7.Prop.36	@τριῶν[1]-ἀριθμόν[1]	τριῶν ἀριθμῶν δοθέντων εὑρεῖν, ὃν ἐλάχιστον μετροῦσιν ἀριθμόν. 
7.Prop.37	@ἐὰν[1]-μετροῦντι[1]	ἐὰν ἀριθμὸς ὑπό τινος ἀριθμοῦ μετρῆται, ὁ μετρούμενος<lb rend="displayNum" n="1"/>ὁμώνυμον μέρος ἕξει τῷ μετροῦντι. 
7.Prop.38	@ἐὰν[1]-μέρει[1]	ἐὰν ἀριθμὸς μέρος ἔχῃ ὁτιοῦν, ὑπὸ ὁμωνύμου ἀριθμοῦ μετρηθήσεται τῷ μέρει. 
7.Prop.39	@ἀριθμὸν[1]-μέρη[1]	ἀριθμὸν εὑρεῖν, ὃς ἐλάχιστος ὢν ἕξει τὰ δοθέντα μέρη. 
8.Prop.1	@ἐὰν[1]-αὐτοῖς[1]	ἐὰν ὦσιν ὁσοιδηποτοῦν ἀριθμοὶ ἑξῆς ἀνάλογον, οἱ δὲ ἄκροι αὐτῶν πρῶτοι πρὸς ἀλλήλους ὦσιν, ἐλάχιστοί εἰσι τῶν τὸν αὐτὸν λόγον ἐχόντων αὐτοῖς. 
8.Prop.2	@ἀριθμοὺς[1]-λόγῳ[1]	ἀριθμοὺς εὑρεῖν ἑξῆς ἀνάλογον ἐλαχίστους, ὅσους ἂν ἐπιτάξῃ τις, ἐν τῷ δοθέντι λόγῳ. 
8.Prop.3	@ἐὰν[1]-εἰσίν[1]	ἐὰν ὦσιν ὁποσοιοῦν ἀριθμοὶ ἑξῆς ἀνάλογον ἐλάχιστοι τῶν τὸν αὐτὸν λόγον ἐχόντων αὐτοῖς, οἱ ἄκροι αὐτῶν πρῶτοι πρὸς ἀλλήλους εἰσίν. 
8.Prop.4	@λόγων[1]-λόγοις[1]	λόγων δοθέντων ὁποσωνοῦν ἐν ἐλαχίστοις ἀριθμοῖς ἀριθμοὺς εὑρεῖν ἑξῆς ἀνάλογον ἐλαχίστους ἐν τοῖς δοθεῖσι λόγοις. 
8.Prop.5	@οἱ[1]-πλευρῶν[1]	οἱ ἐπίπεδοι ἀριθμοὶ πρὸς ἀλλήλους λόγον ἔχουσι τὸν συγκείμενον ἐκ τῶν πλευρῶν. 
8.Prop.6	@ἐὰν[1]-μετρήσει[1]	ἐὰν ὦσιν ὁποσοιοῦν ἀριθμοὶ ἑξῆς ἀνάλογον, ὁ δὲ πρῶτος τὸν δεύτερον μὴ μετρῇ, οὐδὲ ἄλλος οὐδεὶς οὐδένα μετρήσει. 
8.Prop.7	@ἐὰν[1]-μετρήσει[1]	ἐὰν ὦσιν ὁποσοιοῦν ἀριθμοὶ<del>ἑξῆς</del>ἀνάλογον, ὁ δὲ πρῶτος τὸν ἔσχατον μετρῇ, καὶ τὸν δεύτερον μετρήσει. 
8.Prop.8	@ἐὰν[1]-ἐμπεσοῦνται[1]	ἐὰν δύο ἀριθμῶν μεταξὺ κατὰ τὸ συνεχὲς ἀνάλογον ἐμπίπτωσιν ἀριθμοί, ὅσοι εἰς αὐτοὺς μεταξὺ κατὰ τὸ συνεχὲς ἀνάλογον ἐμπίπτουσιν ἀριθμοί, τοσοῦτοι καὶ εἰς τοὺς τὸν αὐτὸν λόγον ἔχοντας<del>αὐτοῖς</del>μεταξὺ κατὰ τὸ συνεχὲς ἀνάλογον ἐμπεσοῦνται. 
8.Prop.9	@ἐὰν[1]-ἐμπεσοῦνται[1]	ἐὰν δύο ἀριθμοὶ πρῶτοι πρὸς ἀλλήλους ὦσιν, καὶ εἰς αὐτοὺς μεταξὺ κατὰ τὸ συνεχὲς ἀνάλογον ἐμπίπτωσιν ἀριθμοί, ὅσοι εἰς αὐτοὺς μεταξὺ κατὰ τὸ συνεχὲς ἀνάλογον ἐμπίπτουσιν ἀριθμοί, τοσοῦτοι καὶ ἑκατέρου αὐτῶν καὶ μονάδος μεταξὺ κατὰ τὸ συνεχὲς ἀνάλογον ἐμπεσοῦνται. 
8.Prop.10	@ἐὰν[1]-ἐμπεσοῦνται[1]	ἐὰν δύο ἀριθμῶν ἑκατέρου καὶ μονάδος μεταξὺ κατὰ τὸ συνεχὲς ἀνάλογον ἐμπίπτωσιν ἀριθμοί, ὅσοι ἑκατέρου αὐτῶν καὶ μονάδος μεταξὺ κατὰ τὸ συνεχὲς ἀνάλογον ἐμπίπτουσιν ἀριθμοί, τοσοῦτοι καὶ εἰς αὐτοὺς μεταξὺ κατὰ τὸ συνεχὲς ἀνάλογον ἐμπεσοῦνται. 
8.Prop.11	@δύο[1]-πλευράν[1]	δύο τετραγώνων ἀριθμῶν εἷς μέσος ἀνάλογόν ἐστιν ἀριθμός, καὶ ὁ τετράγωνος πρὸς τὸν τετράγωνον διπλασίονα λόγον ἔχει ἤπερ ἡ πλευρὰ πρὸς τὴν πλευράν. 
8.Prop.12	@δύο[1]-πλευράν[1]	δύο κύβων ἀριθμῶν δύο μέσοι ἀνάλογόν εἰσιν ἀριθμοί, καὶ ὁ κύβος πρὸς τὸν κύβον τριπλασίονα λόγον ἔχει ἤπερ ἡ πλευρὰ πρὸς τὴν πλευράν. 
8.Prop.13	@ἐὰν[1]-συμβαίνει[1]	ἐὰν ὦσιν ὁσοιδηποτοῦν ἀριθμοὶ ἑξῆς ἀνάλογον, καὶ πολλαπλασιάσας ἕκαστος ἑαυτὸν ποιῇ τινα, οἱ γενόμενοι ἐξ αὐτῶν ἀνάλογον ἔσονται· καὶ ἐὰν οἱ ἐξ ἀρχῆς τοὺς γενομένους πολλαπλασιάσαντες ποιῶσί τινας, καὶ αὐτοὶ ἀνάλογον ἔσονται<del>καὶ ἀεὶ περὶ τοὺς ἄκρους τοῦτο συμβαίνει</del>. 
8.Prop.14	@ἐὰν[1]-μετρήσει[1]	ἐὰν τετράγωνος τετράγωνον μετρῇ, καὶ ἡ πλευρὰ τὴν πλευρὰν μετρήσει· καὶ ἐὰν ἡ πλευρὰ τὴν πλευρὰν μετρῇ, καὶ ὁ τετράγωνος τὸν τετράγωνον μετρήσει. 
8.Prop.15	@ἐὰν[1]-μετρήσει[1]	ἐὰν κύβος ἀριθμὸς κύβον ἀριθμὸν μετρῇ, καὶ ἡ πλευρὰ τὴν πλευρὰν μετρήσει· καὶ ἐὰν ἡ πλευρὰ τὴν πλευρὰν μετρῇ, καὶ ὁ κύβος τὸν κύβον μετρήσει. 
8.Prop.16	@ἐὰν[1]-μετρήσει[1]	ἐὰν τετράγωνος ἀριθμὸς τετράγωνον ἀριθμὸν μὴ μετρῇ, οὐδὲ ἡ πλευρὰ τὴν πλευρὰν μετρήσει· κἂν ἡ πλευρὰ τὴν πλευρὰν μὴ μετρῇ, οὐδὲ ὁ τετράγωνος τὸν τετράγωνον μετρήσει.  
8.Prop.17	@ἐὰν[1]-μετρήσει[1]	ἐὰν κύβος ἀριθμὸς κύβον ἀριθμὸν μὴ μετρῇ, οὐδὲ ἡ πλευρὰ τὴν πλευρὰν μετρήσει· κἂν ἡ πλευρὰ τὴν πλευρὰν μὴ μετρῇ, οὐδὲ ὁ κύβος τὸν κύβον μετρήσει. 
8.Prop.18	@δύο[1]-πλευράν[1]	δύο ὁμοίων ἐπιπέδων ἀριθμῶν εἷς μέσος ἀνάλογόν ἐστιν ἀριθμός· καὶ ὁ ἐπίπεδος πρὸς τὸν ἐπίπεδον διπλασίονα λόγον ἔχει ἤπερ ἡ ὁμόλογος πλευρὰ πρὸς τὴν ὁμόλογον πλευράν. 
8.Prop.19	@δύο[1]-πλευράν[1]	δύο ὁμοίων στερεῶν ἀριθμῶν δύο μέσοι ἀνάλογον ἐμπίπτουσιν ἀριθμοί· καὶ ὁ στερεὸς πρὸς τὸν ὅμοιον στερεὸν τριπλασίονα λόγον ἔχει ἤπερ ἡ ὁμόλογος πλευρὰ πρὸς τὴν ὁμόλογον πλευράν. 
8.Prop.20	@ἐὰν[1]-ἀριθμοί[1]	ἐὰν δύο ἀριθμῶν εἷς μέσος ἀνάλογον ἐμπίπτῃ ἀριθμός, ὅμοιοι ἐπίπεδοι ἔσονται οἱ ἀριθμοί. 
8.Prop.21	@ἐὰν[1]-ἀριθμοί[2]	ἐὰν δύο ἀριθμῶν δύο μέσοι ἀνάλογον ἐμπίπτωσιν ἀριθμοί, ὅμοιοι στερεοί εἰσιν οἱ ἀριθμοί. 
8.Prop.22	@ἐὰν[1]-ἔσται[1]	ἐὰν τρεῖς ἀριθμοὶ ἑξῆς ἀνάλογον ὦσιν, ὁ δὲ πρῶτος τετράγωνος ᾖ, καὶ ὁ τρίτος τετράγωνος ἔσται. 
8.Prop.23	@ἐὰν[1]-ἔσται[1]	ἐὰν τέσσαρες ἀριθμοὶ ἑξῆς ἀνάλογον ὦσιν, ὁ δὲ πρῶτος<lb rend="displayNum" n="1"/>κύβος ᾖ, καὶ ὁ τέταρτος κύβος ἔσται. 
8.Prop.24	@ἐὰν[1]-ἔσται[1]	ἐὰν δύο ἀριθμοὶ πρὸς ἀλλήλους λόγον ἔχωσιν, ὃν τετράγωνος ἀριθμὸς πρὸς τετράγωνον ἀριθμόν, ὁ δὲ πρῶτος τετράγωνος ᾖ, καὶ ὁ δεύτερος τετράγωνος ἔσται. 
8.Prop.25	@ἐὰν[1]-ἔσται[1]	ἐὰν δύο ἀριθμοὶ πρὸς ἀλλήλους λόγον ἔχωσιν, ὃν κύβος ἀριθμὸς πρὸς κύβον ἀριθμόν, ὁ δὲ πρῶτος κύβος ᾖ, καὶ ὁ δεύτερος κύβος ἔσται. 
8.Prop.26	@οἱ[1]-ἀριθμόν[1]	οἱ ὅμοιοι ἐπίπεδοι ἀριθμοὶ πρὸς ἀλλήλους λόγον ἔχουσιν, ὃν τετράγωνος ἀριθμὸς πρὸς τετράγωνον ἀριθμόν. 
8.Prop.27	@οἱ[1]-ἀριθμόν[1]	οἱ ὅμοιοι στερεοὶ ἀριθμοὶ πρὸς ἀλλήλους λόγον ἔχουσιν, ὃν κύβος ἀριθμὸς πρὸς κύβον ἀριθμόν. 
9.Prop.1	@ἐὰν[1]-ἔσται[1]	ἐὰν δύο ὅμοιοι ἐπίπεδοι ἀριθμοὶ πολλαπλασιάσαντες ἀλλήλους ποιῶσί τινα, ὁ γενόμενος τετράγωνος ἔσται. 
9.Prop.2	@ἐὰν[1]-ἀριθμοί[1]	ἐὰν δύο ἀριθμοὶ πολλαπλασιάσαντες ἀλλήλους ποιῶσι τετράγωνον, ὅμοιοι ἐπίπεδοί εἰσιν ἀριθμοί. 
9.Prop.3	@ἐὰν[1]-ἔσται[1]	ἐὰν κύβος ἀριθμὸς ἑαυτὸν πολλαπλασιάσας ποιῇ τινα, ὁ γενόμενος κύβος ἔσται. 
9.Prop.4	@ἐὰν[1]-ἔσται[1]	ἐὰν κύβος ἀριθμὸς κύβον ἀριθμὸν πολλαπλασιάσας ποιῇ τινα, ὁ γενόμενος κύβος ἔσται. 
9.Prop.5	@ἐὰν[1]-ἔσται[1]	ἐὰν κύβος ἀριθμὸς ἀριθμόν τινα πολλαπλασιάσας κύβον ποιῇ, καὶ ὁ πολλαπλασιασθεὶς κύβος ἔσται. 
9.Prop.6	@ἐὰν[1]-ἔσται[1]	ἐὰν ἀριθμὸς ἑαυτὸν πολλαπλασιάσας κύβον ποιῇ, καὶ αὐτὸς κύβος ἔσται. 
9.Prop.7	@ἐὰν[1]-ἔσται[1]	ἐὰν σύνθετος ἀριθμὸς ἀριθμόν τινα πολλαπλασιάσας ποιῇ τινα, ὁ γενόμενος στερεὸς ἔσται. 
9.Prop.8	@ἐὰν[1]-διαλείποντες[3]	ἐὰν ἀπὸ μονάδος ὁποσοιοῦν ἀριθμοὶ ἑξῆς ἀνάλογον ὦσιν, ὁ μὲν τρίτος ἀπὸ τῆς μονάδος τετράγωνος ἔσται καὶ οἱ ἕνα διαλείποντες, ὁ δὲ τέταρτος κύβος καὶ οἱ δύο διαλείποντες πάντες, ὁ δὲ ἕβδομος κύβος ἅμα καὶ τετράγωνος καὶ οἱ πέντε διαλείποντες. 
9.Prop.9	@ἐὰν[1]-ἔσονται[2]	ἐὰν ἀπὸ μονάδος ὁποσοιοῦν ἑξῆς κατὰ τὸ συνεχὲς ἀριθμοὶ ἀνάλογον ὦσιν, ὁ δὲ μετὰ τὴν μονάδα τετράγωνος ᾖ, καὶ οἱ λοιποὶ πάντες τετράγωνοι ἔσονται. καὶ ἐὰν ὁ μετὰ τὴν μονάδα κύβος ᾖ, καὶ οἱ λοιποὶ πάντες κύβοι ἔσονται. 
9.Prop.10	@ἐὰν[1]-πάντων[2]	ἐὰν ἀπὸ μονάδος ὁποσοιοῦν ἀριθμοὶ<del>ἑξῆς</del>ἀνάλογον ὦσιν, ὁ δὲ μετὰ τὴν μονάδα μὴ ᾖ τετράγωνος, οὐδʼ ἄλλος οὐδεὶς τετράγωνος ἔσται χωρὶς τοῦ τρίτου ἀπὸ τῆς μονάδος καὶ τῶν ἕνα διαλειπόντων πάντων. καὶ ἐὰν ὁ μετὰ τὴν μονάδα κύβος μὴ ᾖ, οὐδὲ ἄλλος οὐδεὶς κύβος ἔσται χωρὶς τοῦ τετάρτου ἀπὸ τῆς μονάδος καὶ τῶν δύο διαλειπόντων πάντων. 
9.Prop.11	@ἐὰν[1]-ἀριθμοῖς[1]	ἐὰν ἀπὸ μονάδος ὁποσοιοῦν ἀριθμοὶ ἑξῆς ἀνάλογον ὦσιν, ὁ ἐλάττων τὸν μείζονα μετρεῖ κατά τινα τῶν ὑπαρχόντων ἐν τοῖς ἀνάλογον ἀριθμοῖς. 
9.Prop.12	@ἐὰν[1]-μετρηθήσεται[1]	ἐὰν ἀπὸ μονάδος ὁποσοιοῦν ἀριθμοὶ ἑξῆς ἀνάλογον ὦσιν, ὑφʼ ὅσων ἂν ὁ ἔσχατος πρώτων ἀριθμῶν μετρῆται, ὑπὸ τῶν αὐτῶν καὶ ὁ παρὰ τὴν μονάδα μετρηθήσεται. 
9.Prop.13	@ἐὰν[1]-ἀριθμοῖς[1]	ἐὰν ἀπὸ μονάδος ὁποσοιοῦν ἀριθμοὶ ἑξῆς ἀνάλογον ὦσιν, ὁ δὲ μετὰ τὴν μονάδα πρῶτος ᾖ, ὁ μέγιστος ὑπʼ οὐδενὸς<del>ἄλλου</del>μετρηθήσεται παρὲξ τῶν ὑπαρχόντων ἐν τοῖς ἀνάλογον ἀριθμοῖς.  
9.Prop.14	@ἐὰν[1]-μετρούντων[1]	ἐὰν ἐλάχιστος ἀριθμὸς ὑπὸ πρώτων ἀριθμῶν μετρῆται, ὑπʼ οὐδενὸς ἄλλου πρώτου ἀριθμοῦ μετρηθήσεται παρὲξ τῶν ἐξ ἀρχῆς μετρούντων. 
9.Prop.15	@ἐὰν[1]-εἰσιν[1]	ἐὰν τρεῖς ἀριθμοὶ ἑξῆς ἀνάλογον ὦσιν ἐλάχιστοι τῶν τὸν αὐτὸν λόγον ἐχόντων αὐτοῖς, δύο ὁποιοιοῦν συντεθέντες πρὸς τὸν λοιπὸν πρῶτοί εἰσιν. 
9.Prop.16	@ἐὰν[1]-τινά[1]	ἐὰν δύο ἀριθμοὶ πρῶτοι πρὸς ἀλλήλους ὦσιν, οὐκ ἔσται ὡς ὁ πρῶτος πρὸς τὸν δεύτερον, οὕτως ὁ δεύτερος πρὸς ἄλλον τινά. 
9.Prop.17	@ἐὰν[1]-τινά[1]	ἐὰν ὦσιν ὁσοιδηποτοῦν ἀριθμοὶ ἑξῆς ἀνάλογον, οἱ δὲ ἄκροι αὐτῶν πρῶτοι πρὸς ἀλλήλους ὦσιν, οὐκ ἔσται ὡς ὁ πρῶτος πρὸς τὸν δεύτερον, οὕτως ὁ ἔσχατος πρὸς ἄλλον τινά. 
9.Prop.18	@δύο[1]-προσευρεῖν[1]	δύο ἀριθμῶν δοθέντων ἐπισκέψασθαι, εἰ δυνατόν ἐστιν αὐτοῖς τρίτον ἀνάλογον προσευρεῖν. 
9.Prop.19	@τριῶν[1]-προσευρεῖν[1]	τριῶν ἀριθμῶν δοθέντων ἐπισκέψασθαι, πότε δυνατόν ἐστιν αὐτοῖς τέταρτον ἀνάλογον προσευρεῖν. 
9.Prop.20	@οἱ[1]-ἀριθμῶν[1]	οἱ πρῶτοι ἀριθμοὶ πλείους εἰσὶ παντὸς τοῦ προτεθέντος πλήθους πρώτων ἀριθμῶν. 
9.Prop.21	@ἐὰν[1]-ἐστιν[1]	ἐὰν ἄρτιοι ἀριθμοὶ ὁποσοιοῦν συντεθῶσιν, ὁ ὅλος ἄρτιός ἐστιν. 
9.Prop.22	@ἐὰν[1]-ἔσται[1]	ἐὰν περισσοὶ ἀριθμοὶ ὁποσοιοῦν συντεθῶσιν, τὸ δὲ πλῆθος αὐτῶν ἄρτιον ᾖ, ὁ ὅλος ἄρτιος ἔσται. 
9.Prop.23	@ἐὰν[1]-ἔσται[1]	ἐὰν περισσοὶ ἀριθμοὶ ὁποσοιοῦν συντεθῶσιν, τὸ δὲ πλῆθος αὐτῶν περισσὸν ᾖ, καὶ ὁ ὅλος περισσὸς ἔσται. 
9.Prop.24	@ἐὰν[1]-ἔσται[1]	ἐὰν ἀπὸ ἀρτίου ἀριθμοῦ ἄρτιος ἀφαιρεθῇ, ὁ λοιπὸς ἄρτιος ἔσται. 
9.Prop.25	@ἐὰν[1]-ἔσται[1]	ἐὰν ἀπὸ ἀρτίου ἀριθμοῦ περισσὸς ἀφαιρεθῇ, ὁ λοιπὸς περισσὸς ἔσται. 
9.Prop.26	@ἐὰν[1]-ἔσται[1]	ἐὰν ἀπὸ περισσοῦ ἀριθμοῦ περισσὸς ἀφαιρεθῇ, ὁ λοιπὸς ἄρτιος ἔσται. 
9.Prop.27	@ἐὰν[1]-ἔσται[1]	ἐὰν ἀπὸ περισσοῦ ἀριθμοῦ ἄρτιος ἀφαιρεθῇ, ὁ λοιπὸς περισσὸς ἔσται. 
9.Prop.28	@ἐὰν[1]-ἔσται[1]	ἐὰν περισσὸς ἀριθμὸς ἄρτιον πολλαπλασιάσας ποιῇ τινα, ὁ γενόμενος ἄρτιος ἔσται. 
9.Prop.29	@ἐὰν[1]-ἔσται[1]	ἐὰν περισσὸς ἀριθμὸς περισσὸν ἀριθμὸν πολλαπλασιάσας ποιῇ τινα, ὁ γενόμενος περισσὸς ἔσται. 
9.Prop.30	@ἐὰν[1]-μετρήσει[1]	ἐὰν περισσὸς ἀριθμὸς ἄρτιον ἀριθμὸν μετρῇ, καὶ τὸν ἥμισυν αὐτοῦ μετρήσει. 
9.Prop.31	@ἐὰν[1]-ἔσται[1]	ἐὰν περισσὸς ἀριθμὸς πρός τινα ἀριθμὸν πρῶτος ᾖ, καὶ πρὸς τὸν διπλασίονα αὐτοῦ πρῶτος ἔσται. 
9.Prop.32	@τῶν[1]-μόνον[1]	τῶν ἀπὸ δυάδος διπλασιαζομένων ἀριθμῶν ἕκαστος ἀρτιάκις ἄρτιός ἐστι μόνον. 
9.Prop.33	@ἐὰν[1]-μόνον[1]	ἐὰν ἀριθμὸς τὸν ἥμισυν ἔχῃ περισσόν, ἀρτιάκις περισσός ἐστι μόνον. 
9.Prop.34	@ἐὰν[1]-περισσός[1]	ἐὰν ἀριθμὸς μήτε τῶν ἀπὸ δυάδος διπλασιαζομένων ᾖ μήτε τὸν ἥμισυν ἔχῃ περισσόν, ἀρτιάκις τε ἄρτιός ἐστι καὶ ἀρτιάκις περισσός. 
9.Prop.35	@ἐὰν[1]-πάντας[1]	ἐὰν ὦσιν ὁσοιδηποτοῦν ἀριθμοὶ ἑξῆς ἀνάλογον, ἀφαιρεθῶσι δὲ ἀπό τε τοῦ δευτέρου καὶ τοῦ ἐσχάτου ἴσοι τῷ πρώτῳ, ἔσται ὡς ἡ τοῦ δευτέρου ὑπεροχὴ πρὸς τὸν πρῶτον, οὕτως ἡ τοῦ ἐσχάτου ὑπεροχὴ πρὸς τοὺς πρὸ ἑαυτοῦ πάντας. 
9.Prop.36	@ἐὰν[1]-ἔσται[1]	ἐὰν ἀπὸ μονάδος ὁποσοιοῦν ἀριθμοὶ ἑξῆς ἐκτεθῶσιν ἐν τῇ διπλασίονι ἀναλογίᾳ, ἕως οὗ ὁ σύμπας συντεθεὶςπρῶτος γένηται, καὶ ὁ σύμπας ἐπὶ τὸν ἔσχατον πολλαπλασιασθεὶς ποιῇ τινα, ὁ γενόμενος τέλειος ἔσται. 
10.Prop 1.1	@δύο[1]-μεγέθους[1]	δύο μεγεθῶν ἀνίσων ἐκκειμένων, ἐὰν ἀπὸ τοῦ μείζονος ἀφαιρεθῇ μεῖζον ἢ τὸ ἥμισυ καὶ τοῦ καταλειπομένου μεῖζον ἢ τὸ ἥμισυ, καὶ τοῦτο ἀεὶ γίγνηται, λειφθήσεταί τι μέγεθος, ὃ ἔσται ἔλασσον τοῦ ἐκκειμένου ἐλάσσονος μεγέθους.  
10.Prop 1.2	@ἐὰν[1]-μεγέθη[1]	ἐὰν δύο μεγεθῶν<del>ἐκκειμένων</del>ἀνίσων ἀνθυφαιρουμένου ἀεὶ τοῦ ἐλάσσονος ἀπὸ τοῦ μείζονος τὸ καταλειπόμενον μηδέποτε καταμετρῇ τὸ πρὸ ἑαυτοῦ, ἀσύμμετρα ἔσται τὰ μεγέθη.  
10.Prop 1.3	@δύο[1]-εὑρεῖν[1]	δύο μεγεθῶν συμμέτρων δοθέντων τὸ μέγιστον αὐτῶν κοινὸν μέτρον εὑρεῖν. 
10.Prop 1.4	@τριῶν[1]-εὑρεῖν[1]	τριῶν μεγεθῶν συμμέτρων δοθέντων τὸ μέγιστον αὐτῶν κοινὸν μέτρον εὑρεῖν. 
10.Prop 1.5	@τὰ[1]-ἀριθμόν[1]	τὰ σύμμετρα μεγέθη πρὸς ἄλληλα λόγον ἔχει, ὃν ἀριθμὸς πρὸς ἀριθμόν. 
	@ἐὰν[1]-μεγέθη[2]	ἐὰν δύο μεγέθη πρὸς ἄλληλα λόγον ἔχῃ, ὃν ἀριθμὸς πρὸς ἀριθμόν, σύμμετρα ἔσται τὰ μεγέθη.
10.Prop 1.7	@τὰ[1]-ἀριθμόν[1]	τὰ ἀσύμμετρα μεγέθη πρὸς ἄλληλα λόγον οὐκ ἔχει, ὃν ἀριθμὸς πρὸς ἀριθμόν. 
10.Prop 1.8	@ἐὰν[1]-μεγέθη[2]	ἐὰν δύο μεγέθη πρὸς ἄλληλα λόγον μὴ ἔχῃ, ὃν ἀριθμὸς πρὸς ἀριθμόν, ἀσύμμετρα ἔσται τὰ μεγέθη. 
10.Prop 1.9	@τὰ[1]-συμμέτρους[2]	τὰ ἀπὸ τῶν μήκει συμμέτρων εὐθειῶν τετράγωνα πρὸς ἄλληλα λόγον ἔχει, ὃν τετράγωνος ἀριθμὸς πρὸς τετράγωνον ἀριθμόν· καὶ τὰ τετράγωνα τὰ πρὸς ἄλληλα λόγον ἔχοντα, ὃν τετράγωνος ἀριθμὸς πρὸς τετράγωνον ἀριθμόν, καὶ τὰς πλευρὰς ἕξει μήκει συμμέτρους. τὰ δὲ ἀπὸ τῶν μήκει ἀσυμμέτρων εὐθειῶν τετράγωνα πρὸς ἄλληλα λόγον οὐκ ἔχει, ὅνπερ τετράγωνος ἀριθμὸς πρὸς τετράγωνον ἀριθμόν· καὶ τὰ τετράγωνα τὰ πρὸς ἄλληλα λόγον μὴ ἔχοντα, ὃν τετράγωνος ἀριθμὸς πρὸς τετράγωνον ἀριθμόν, οὐδὲ τὰς πλευρὰς ἕξει μήκει συμμέτρους. 
10.Prop 1.10	@τῇ[1]-δυνάμει[1]	τῇ προτεθείσῃ εὐθείᾳ προσευρεῖν δύο εὐθείας ἀσυμμέτρους, τὴν μὲν μήκει μόνον, τὴν δὲ καὶ δυνάμει. 
10.Prop 1.11	@ἐὰν[1]-ἔσται[1]	ἐὰν τέσσαρα μεγέθη ἀνάλογον ᾖ, τὸ δὲ πρῶτον τῷ δευτέρῳ σύμμετρον ᾖ, καὶ τὸ τρίτον τῷ τετάρτῳ σύμμετρον ἔσται· κἂν τὸ πρῶτον τῷ δευτέρῳ ἀσύμμετρον ᾖ, καὶ τὸ τρίτον τῷ τετάρτῳ ἀσύμμετρον ἔσται.   
10.Prop 1.12	@τὰ[1]-σύμμετρα[2]	τὰ τῷ αὐτῷ μεγέθει σύμμετρα καὶ ἀλλήλοις ἐστὶ σύμμετρα. 
10.Prop 1.13	@ἐὰν[1]-ἔσται[1]	ἐὰν ᾖ δύο μεγέθη σύμμετρα, τὸ δὲ ἕτερον αὐτῶν μεγέθει τινὶ ἀσύμμετρον ᾖ, καὶ τὸ λοιπὸν τῷ αὐτῷ ἀσύμμετρον ἔσται. 
10.Prop 1.14	@ἐὰν[1]-μήκει[4]	ἐὰν τέσσαρες εὐθεῖαι ἀνάλογον ὦσιν, δύνηται δὲ ἡ πρώτη τῆς δευτέρας μεῖζον τῷ ἀπὸ συμμέτρου ἑαυτῇ<lb rend="displayNum" n="1"/>  <del>μήκει</del>, καὶ ἡ τρίτη τῆς τετάρτης μεῖζον δυνήσεται τῷ ἀπὸ συμμέτρου ἑαυτῇ<del>μήκει</del>. καὶ ἐὰν ἡ πρώτη τῆς δευτέρας μεῖζον δύνηται τῷ ἀπὸ ἀσυμμέτρου ἑαυτῇ<del>μήκει</del>, καὶ ἡ τρίτη τῆς τετάρτης μεῖζον δυνήσεται τῷ ἀπὸ ἀσυμμέτρου ἑαυτῇ<del>μήκει</del>. 
10.Prop 1.15	@ἐὰν[1]-ἔσται[1]	ἐὰν δύο μεγέθη σύμμετρα συντεθῇ, καὶ τὸ ὅλον ἑκατέρῳ αὐτῶν σύμμετρον ἔσται· κἂν τὸ ὅλον ἑνὶ αὐτῶν σύμμετρον ᾖ, καὶ τὰ ἐξ ἀρχῆς μεγέθη σύμμετρα ἔσται. 
10.Prop 1.16	@ἐὰν[1]-ἔσται[1]	ἐὰν δύο μεγέθη ἀσύμμετρα συντεθῇ, καὶ τὸ ὅλον ἑκατέρῳ αὐτῶν ἀσύμμετρον ἔσται· κἂν τὸ ὅλον ἑνὶ αὐτῶν ἀσύμμετρον ᾖ, καὶ τὰ ἐξ ἀρχῆς μεγέθη ἀσύμμετρα ἔσται. 
10.Prop 1.17	@ἐὰν[1]-μήκει[2]	ἐὰν ὦσι δύο εὐθεῖαι ἄνισοι, τῷ δὲ τετάρτῳ μέρει τοῦ ἀπὸ τῆς ἐλάσσονος ἴσον παρὰ τὴν μείζονα παραβληθῇ ἐλλεῖπον εἴδει τετραγώνῳ καὶ εἰς σύμμετρα αὐτὴν διαιρῇ μήκει, ἡ μείζων τῆς ἐλάσσονος μεῖζον δυνήσεται τῷ ἀπὸ συμμέτρου ἑαυτῇ<del>μήκει</del>. καὶ ἐὰν ἡ μείζων τῆς ἐλάσσονος μεῖζον δύνηται τῷ ἀπὸ συμμέτρου ἑαυτῇ<del>μήκει</del>, τῷ δὲ τετάρτῳ τοῦ ἀπὸ τῆς ἐλάσσονος ἴσον παρὰ τὴν μείζονα παραβληθῇ ἐλλεῖπον εἴδει τετραγώνῳ, εἰς σύμμετρα αὐτὴν διαιρεῖ μήκει.  
10.Prop 1.18	@ἐὰν[1]-μήκει[2]	ἐὰν ὦσι δύο εὐθεῖαι ἄνισοι, τῷ δὲ τετάρτῳ μέρει τοῦ ἀπὸ τῆς ἐλάσσονος ἴσον παρὰ τὴν μείζονα παραβληθῇ ἐλλεῖπον εἴδει τετραγώνῳ, καὶ εἰς ἀσύμμετρα αὐτὴν διαιρῇ<del>μήκει</del>, ἡ μείζων τῆς ἐλάσσονος μεῖζον δυνήσεται τῷ ἀπὸ ἀσυμμέτρου ἑαυτῇ. καὶ ἐὰν ἡ μείζων τῆς ἐλάσσονος μεῖζον δύνηται τῷ ἀπὸ ἀσυμμέτρου ἑαυτῇ, τῷ δὲ τετάρτῳ τοῦ ἀπὸ τῆς ἐλάσσονος ἴσον παρὰ τὴν μείζονα παραβληθῇ ἐλλεῖπον εἴδει τετραγώνῳ, εἰς ἀσύμμετρα αὐτὴν διαιρεῖ<del>μήκει</del>.   
10.Prop 1.19	@τὸ[1]-ἐστιν[1]	τὸ ὑπὸ ῥητῶν μήκει συμμέτρων κατά τινα τῶν προειρημένων τρόπων εὐθειῶν περιεχόμενον ὀρθογώνιον ῥητόν ἐστιν. 
10.Prop 1.20	@ἐὰν[1]-μήκει[1]	ἐὰν ῥητὸν παρὰ ῥητὴν παραβληθῇ, πλάτος ποιεῖ ῥητὴν καὶ σύμμετρον τῇ, παρʼ ἣν παράκειται, μήκει. 
10.Prop 1.21	@τὸ[1]-μέση[1]	τὸ ὑπὸ ῥητῶν δυνάμει μόνον συμμέτρων εὐθειῶν περιεχόμενον ὀρθογώνιον ἄλογόν ἐστιν, καὶ ἡ δυναμένη αὐτὸ ἄλογός ἐστιν, καλείσθω δὲ μέση. 
10.Prop 1.22	@τὸ[1]-μήκει[1]	τὸ ἀπὸ μέσης παρὰ ῥητὴν παραβαλλόμενον πλάτος ποιεῖ ῥητὴν καὶ ἀσύμμετρον τῇ, παρʼ ἣν παράκειται, μήκει. 
10.Prop 1.23	@ἡ[1]-ἐστίν[1]	ἡ τῇ μέσῃ σύμμετρος μέση ἐστίν. 
10.Prop 1.24	@τὸ[1]-ἐστίν[1]	τὸ ὑπὸ μέσων μήκει συμμέτρων εὐθειῶν κατά τινα τῶν εἰρημένων τρόπων περιεχόμενον ὀρθογώνιον μέσον ἐστίν. 
10.Prop 1.25	@τὸ[1]-ἐστίν[1]	τὸ ὑπὸ μέσων δυνάμει μόνον συμμέτρων εὐθειῶν περιεχόμενον ὀρθογώνιον ἤτοι ῥητὸν ἢ μέσον ἐστίν. 
10.Prop 1.26	@μέσον[1]-ῥητῷ[1]	μέσον μέσου οὐχ ὑπερέχει ῥητῷ. 
10.Prop 1.27	@μέσας[1]-περιεχούσας[1]	μέσας εὑρεῖν δυνάμει μόνον συμμέτρους ῥητὸν περιεχούσας. 
10.Prop 1.28	@μέσας[1]-περιεχούσας[1]	μέσας εὑρεῖν δυνάμει μόνον συμμέτρους μέσον περιεχούσας. 
10.Prop 1.29	@εὑρεῖν[1]-μήκει[1]	εὑρεῖν δύο ῥητὰς δυνάμει μόνον συμμέτρους, ὥστε τὴν μείζονα τῆς ἐλάσσονος μεῖζον δύνασθαι τῷ ἀπὸ συμμέτρου ἑαυτῇ μήκει. 
10.Prop 1.30	@εὑρεῖν[1]-μήκει[1]	εὑρεῖν δύο ῥητὰς δυνάμει μόνον συμμέτρους, ὥστε τὴν μείζονα τῆς ἐλάσσονος μεῖζον δύνασθαι τῷ ἀπὸ ἀσυμμέτρου ἑαυτῇ μήκει. 
10.Prop 1.31	@εὑρεῖν[1]-μήκει[1]	εὑρεῖν δύο μέσας δυνάμει μόνον συμμέτρους ῥητὸν περιεχούσας, ὥστε τὴν μείζονα τῆς ἐλάσσονος μεῖζον δύνασθαι τῷ ἀπὸ συμμέτρου ἑαυτῇ μήκει. 
10.Prop 1.32	@εὑρεῖν[1]-ἑαυτῇ[1]	εὑρεῖν δύο μέσας δυνάμει μόνον συμμέτρους μέσον περιεχούσας, ὥστε τὴν μείζονα τῆς ἐλάσσονος μεῖζον δύνασθαι τῷ ἀπὸ συμμέτρου ἑαυτῇ. 
10.Prop 1.33	@εὑρεῖν[1]-μέσον[1]	εὑρεῖν δύο εὐθείας δυνάμει ἀσυμμέτρους ποιούσας τὸ<lb rend="displayNum" n="1"/>μὲν συγκείμενον ἐκ τῶν ἀπʼ αὐτῶν τετραγώνων ῥητόν, τὸ δʼ ὑπʼ αὐτῶν μέσον. 
10.Prop 1.34	@εὑρεῖν[1]-ῥητόν[1]	εὑρεῖν δύο εὐθείας δυνάμει ἀσυμμέτρους ποιούσας τὸ μὲν συγκείμενον ἐκ τῶν ἀπʼ αὐτῶν τετραγώνων μέσον, τὸ δʼ ὑπʼ αὐτῶν ῥητόν. 
10.Prop 1.35	@εὑρεῖν[1]-τετραγώνῳ[1]	εὑρεῖν δύο εὐθείας δυνάμει ἀσυμμέτρους ποιούσας τό τε συγκείμενον ἐκ τῶν ἀπʼ αὐτῶν τετραγώνων μέσον καὶ τὸ ὑπʼ αὐτῶν μέσον καὶ ἔτι ἀσύμμετρον τῷ συγκειμένῳ ἐκ τῶν ἀπʼ αὐτῶν τετραγώνῳ.  
10.Prop 1.36	@ἐὰν[1]-ὀνομάτων[1]	ἐὰν δύο ῥηταὶ δυνάμει μόνον σύμμετροι συντεθῶσιν, ἡ ὅλη ἄλογός ἐστιν, καλείσθω δὲ ἐκ δύο ὀνομάτων. 
10.Prop 1.37	@ἐὰν[1]-πρώτη[1]	ἐὰν δύο μέσαι δυνάμει μόνον σύμμετροι συντεθῶσι ῥητὸν περιέχουσαι, ἡ ὅλη ἄλογός ἐστιν, καλείσθω δὲ ἐκ δύο μέσων πρώτη. 
10.Prop 1.38	@ἐὰν[1]-δευτέρα[1]	ἐὰν δύο μέσαι δυνάμει μόνον σύμμετροι συντεθῶσι<lb rend="displayNum" n="1"/>μέσον περιέχουσαι, ἡ ὅλη ἄλογός ἐστιν, καλείσθω δὲ ἐκ δύο μέσων δευτέρα. 
10.Prop 1.39	@ἐὰν[1]-μείζων[1]	ἐὰν δύο εὐθεῖαι δυνάμει ἀσύμμετροι συντεθῶσι ποιοῦσαι τὸ μὲν συγκείμενον ἐκ τῶν ἀπʼ αὐτῶν τετραγώνων ῥητόν, τὸ δʼ ὑπʼ αὐτῶν μέσον, ἡ ὅλη εὐθεῖα ἄλογός ἐστιν, καλείσθω δὲ μείζων.  
10.Prop 1.40	@ἐὰν[1]-δυναμένη[1]	ἐὰν δύο εὐθεῖαι δυνάμει ἀσύμμετροι συντεθῶσι ποιοῦσαι τὸ μὲν συγκείμενον ἐκ τῶν ἀπʼ αὐτῶν τετραγώνων μέσον, τὸ δʼ ὑπʼ αὐτῶν ῥητόν, ἡ ὅλη εὐθεῖα ἄλογός ἐστιν, καλείσθω δὲ ῥητὸν καὶ μέσον δυναμένη.  
10.Prop 1.41	@ἐὰν[1]-δυναμένη[1]	ἐὰν δύο εὐθεῖαι δυνάμει ἀσύμμετροι συντεθῶσι ποιοῦσαι τό τε συγκείμενον ἐκ τῶν ἀπʼ αὐτῶν τετραγώνων μέσον καὶ τὸ ὑπʼ αὐτῶν μέσον καὶ ἔτι ἀσύμμετρον τῷ συγκειμένῳ ἐκ τῶν ἀπʼ αὐτῶν τετραγώνων, ἡ ὅλη εὐθεῖα ἄλογός ἐστιν, καλείσθω δὲ δύο μέσα δυναμένη. 
10.Prop 1.42	@ἡ[1]-ὀνόματα[1]	ἡ ἐκ δύο ὀνομάτων κατὰ ἓν μόνον σημεῖον διαιρεῖται εἰς τὰ ὀνόματα. 
10.Prop 1.43	@ἡ[1]-διαιρεῖται[1]	ἡ ἐκ δύο μέσων πρώτη καθʼ ἓν μόνον σημεῖον διαιρεῖται. 
10.Prop 1.44	@ἡ[1]-διαιρεῖται[1]	ἡ ἐκ μέσων δευτέρα καθʼ ἓν μόνον σημεῖον διαιρεῖται. 
10.Prop 1.45	@ἡ[1]-διαιρεῖται[1]	ἡ μείζων κατὰ τὸ αὐτὸ μόνον σημεῖον διαιρεῖται. 
10.Prop 1.46	@ἡ[1]-διαιρεῖται[1]	ἡ ῥητὸν καὶ μέσον δυναμένη καθʼ ἓν μόνον σημεῖον διαιρεῖται. 
10.Prop 1.47	@ἡ[1]-διαιρεῖται[1]	ἡ δύο μέσα δυναμένη καθʼ ἓν μόνον σημεῖον διαιρεῖται. 
10.Prop 2.48	@εὑρεῖν[1]-πρώτην[1]	εὑρεῖν τὴν ἐκ δύο ὀνομάτων πρώτην. 
10.Prop 2.49	@εὑρεῖν[1]-δευτέραν[1]	εὑρεῖν τὴν ἐκ δύο ὀνομάτων δευτέραν. 
10.Prop 2.50	@εὑρεῖν[1]-τρίτην[1]	εὑρεῖν τὴν ἐκ δύο ὀνομάτων τρίτην. 
10.Prop 2.51	@εὑρεῖν[1]-τετάρτην[1]	εὑρεῖν τὴν ἐκ δύο ὀνομάτων τετάρτην. 
10.Prop 2.52	@εὑρεῖν[1]-πέμπτην[1]	εὑρεῖν τὴν ἐκ δύο ὀνομάτων πέμπτην. 
10.Prop 2.53	@εὑρεῖν[1]-ἕκτην[1]	εὑρεῖν τὴν ἐκ δύο ὀνομάτων ἕκτην. 
10.Prop 2.54	@ἐὰν[1]-ὀνομάτων[2]	ἐὰν χωρίον περιέχηται ὑπὸ ῥητῆς καὶ τῆς ἐκ δύο ὀνομάτων πρώτης, ἡ τὸ χωρίον δυναμένη ἄλογός ἐστιν ἡ καλουμένη ἐκ δύο ὀνομάτων. 
10.Prop 2.55	@ἐὰν[1]-πρώτη[1]	ἐὰν χωρίον περιέχηται ὑπὸ ῥητῆς καὶ τῆς ἐκ δύο ὀνομάτων δευτέρας, ἡ τὸ χωρίον δυναμένη ἄλογός ἐστιν ἡ καλουμένη ἐκ δύο μέσων πρώτη. 
10.Prop 2.56	@ἐὰν[1]-δευτέρα[1]	ἐὰν χωρίον περιέχηται ὑπὸ ῥητῆς καὶ τῆς ἐκ δύο ὀνομάτων τρίτης, ἡ τὸ χωρίον δυναμένη ἄλογός ἐστιν ἡ καλουμένη ἐκ δύο μέσων δευτέρα. 
10.Prop 2.57	@ἐὰν[1]-μείζων[1]	ἐὰν χωρίον περιέχηται ὑπὸ ῥητῆς καὶ τῆς ἐκ δύο ὀνομάτων τετάρτης, ἡ τὸ χωρίον δυναμένη ἄλογός ἐστιν ἡ καλουμένη μείζων. 
10.Prop 2.58	@ἐὰν[1]-δυναμένη[2]	ἐὰν χωρίον περιέχηται ὑπὸ ῥητῆς καὶ τῆς ἐκ δύο ὀνομάτων πέμπτης, ἡ τὸ χωρίον δυναμένη ἄλογός ἐστιν ἡ καλουμένη ῥητὸν καὶ μέσον δυναμένη. 
10.Prop 2.59	@ἐὰν[1]-δυναμένη[2]	ἐὰν χωρίον περιέχηται ὑπὸ ῥητῆς καὶ τῆς ἐκ δύο ὀνομάτων ἕκτης, ἡ τὸ χωρίον δυναμένη ἄλογός ἐστιν ἡ καλουμένη δύο μέσα δυναμένη. 
10.Prop 2.60	@τὸ[1]-πρώτην[1]	τὸ ἀπὸ τῆς ἐκ δύο ὀνομάτων παρὰ ῥητὴν παραβαλλόμενον πλάτος ποιεῖ τὴν ἐκ δύο ὀνομάτων πρώτην. 
10.Prop 2.61	@τὸ[1]-δευτέραν[1]	τὸ ἀπὸ τῆς ἐκ δύο μέσων πρώτης παρὰ ῥητὴν παραβαλλόμενον πλάτος ποιεῖ τὴν ἐκ δύο ὀνομάτων δευτέραν. 
10.Prop 2.62	@τὸ[1]-τρίτην[1]	τὸ ἀπὸ τῆς ἐκ δύο μέσων δευτέρας παρὰ ῥητὴν παραβαλλόμενον πλάτος ποιεῖ τὴν ἐκ δύο ὀνομάτων τρίτην. 
10.Prop 2.63	@τὸ[1]-τετάρτην[1]	τὸ ἀπὸ τῆς μείζονος παρὰ ῥητὴν παραβαλλόμενον πλάτος ποιεῖ τὴν ἐκ δύο ὀνομάτων τετάρτην. 
10.Prop 2.64	@τὸ[1]-πέμπτην[1]	τὸ ἀπὸ τῆς ῥητὸν καὶ μέσον δυναμένης παρὰ ῥητὴν παραβαλλόμενον πλάτος ποιεῖ τὴν ἐκ δύο ὀνομάτων πέμπτην. 
10.Prop 2.65	@τὸ[1]-ἕκτην[1]	τὸ ἀπὸ τῆς δύο μέσα δυναμένης παρὰ ῥητὴν παραβαλλόμενον πλάτος ποιεῖ τὴν ἐκ δύο ὀνομάτων ἕκτην. 
10.Prop 2.66	@ἡ[1]-αὐτή[1]	ἡ τῇ ἐκ δύο ὀνομάτων μήκει σύμμετρος καὶ αὐτὴ ἐκ δύο ὀνομάτων ἐστὶ καὶ τῇ τάξει ἡ αὐτή. 
10.Prop 2.67	@ἡ[1]-αὐτή[1]	ἡ τῇ ἐκ δύο μέσων μήκει σύμμετρος καὶ αὐτὴ ἐκ δύο μέσων ἐστὶ καὶ τῇ τάξει ἡ αὐτή. 
10.Prop 2.68	@ἡ[1]-ἐστίν[1]	ἡ τῇ μείζονι σύμμετρος καὶ αὐτὴ μείζων ἐστίν. 
10.Prop 2.69	@ἡ[1]-ἐστίν[1]	ἡ τῇ ῥητὸν καὶ μέσον δυναμένῃ σύμμετρος<del>καὶ αὐτὴ</del>ῥητὸν καὶ μέσον δυναμένη ἐστίν. 
10.Prop 2.70	@ἡ[1]-ἐστίν[1]	ἡ τῇ δύο μέσα δυναμένῃ σύμμετρος δύο μέσα δυναμένη ἐστίν.
10.Prop 2.71	@ῥητοῦ[1]-δυναμένη[1]	ῥητοῦ καὶ μέσου συντιθεμένου τέσσαρες ἄλογοι γίγνονται ἤτοι ἐκ δύο ὀνομάτων ἢ ἐκ δύο μέσων πρώτη ἢ μείζων ἢ ῥητὸν καὶ μέσον δυναμένη. 
10.Prop 2.72	@δύο[1]-δυναμένη[1]	δύο μέσων ἀσυμμέτρων ἀλλήλοις συντιθεμένων αἱ λοιπαὶ δύο ἄλογοι γίγνονται ἤτοι ἐκ δύο μέσων δευτέρα ἢ<del>ἡ</del>δύο μέσα δυναμένη. 
10.Prop 2.73	@ἐὰν[1]-ἀποτομή[1]	ἐὰν ἀπὸ ῥητῆς ῥητὴ ἀφαιρεθῇ δυνάμει μόνον σύμμετρος οὖσα τῇ ὅλῃ, ἡ λοιπὴ ἄλογός ἐστιν· καλείσθω δὲ ἀποτομή. 
10.Prop 2.74	@ἐὰν[1]-πρώτη[1]	ἐὰν ἀπὸ μέσης μέση ἀφαιρεθῇ δυνάμει μόνον σύμμετρος οὖσα τῇ ὅλῃ, μετὰ δὲ τῆς ὅλης ῥητὸν περιέχουσα, ἡ λοιπὴ ἄλογός ἐστιν· καλείσθω δὲ μέσης ἀποτομὴ πρώτη. 
10.Prop 2.75	@ἐὰν[1]-δευτέρα[1]	ἐὰν ἀπὸ μέσης μέση ἀφαιρεθῇ δυνάμει μόνον σύμμετρος οὖσα τῇ ὅλη, μετὰ δὲ τῆς ὅλης μέσον περιέχουσα, ἡ λοιπὴ ἄλογός ἐστιν· καλείσθω δὲ μέσης ἀποτομὴ δευτέρα. 
10.Prop 2.76	@ἐὰν[1]-ἐλάσσων[1]	ἐὰν ἀπὸ εὐθείας εὐθεῖα ἀφαιρεθῇ δυνάμει ἀσύμμετρος οὖσα τῇ ὅλῃ, μετὰ δὲ τῆς ὅλης ποιοῦσα τὰ μὲν ἀπʼ αὐτῶν ἅμα ῥητόν, τὸ δʼ ὑπʼ αὐτῶν μέσον, ἡ λοιπὴ ἄλογός ἐστιν· καλείσθω δὲ ἐλάσσων.  
10.Prop 2.77	@ἐὰν[1]-ποιοῦσα[2]	ἐὰν ἀπὸ εὐθείας εὐθεῖα ἀφαιρεθῇ δυνάμει ἀσύμμετρος οὖσα τῇ ὅλῃ, μετὰ δὲ τῆς ὅλης ποιοῦσα τὸ μὲν συγκείμενον ἐκ τῶν ἀπʼ αὐτῶν τετραγώνων μέσον, τὸ δὲ δὶς ὑπʼ αὐτῶν ῥητόν, ἡ λοιπὴ ἄλογός ἐστιν· καλείσθω δὲ ἡ μετὰ ῥητοῦ μέσον τὸ ὅλον ποιοῦσα. 
10.Prop 2.78	@ἐὰν[1]-ποιοῦσα[2]	ἐὰν ἀπὸ εὐθείας εὐθεῖα ἀφαιρεθῇ δυνάμει ἀσύμμετρος οὖσα τῇ ὅλῃ, μετὰ δὲ τῆς ὅλης ποιοῦσα τό τε συγκείμενον ἐκ τῶν ἀπʼ αὐτῶν τετραγώνων μέσον τό τε δὶς ὑπʼ  αὐτῶν μέσον καὶ ἔτι τὰ ἀπʼ αὐτῶν τετράγωνα ἀσύμμετρα τῷ δὶς ὑπʼ αὐτῶν, ἡ λοιπὴ ἄλογός ἐστιν· καλείσθω δὲ ἡ μετὰ μέσου μέσον τὸ ὅλον ποιοῦσα. 
10.Prop 2.79	@τῇ[1]-ὅλῃ[1]	τῇ ἀποτομῇ μία<del>μόνον</del>προσαρμόζει εὐθεῖα ῥητὴ δυνάμει μόνον σύμμετρος οὖσα τῇ ὅλῃ. 
10.Prop 2.80	@τῇ[1]-περιέχουσα[1]	τῇ μέσης ἀποτομῇ πρώτῃ μία μόνον προσαρμόζει εὐθεῖα μέση δυνάμει μόνον σύμμετρος οὖσα τῇ ὅλῃ, μετὰ δὲ τῆς ὅλης ῥητὸν περιέχουσα. 
10.Prop 2.81	@τῇ[1]-περιέχουσα[1]	τῇ μέσης ἀποτομῇ δευτέρᾳ μία μόνον προσαρμόζει εὐθεῖα μέση δυνάμει μόνον σύμμετρος τῇ ὅλῃ, μετὰ δὲ τῆς ὅλης μέσον περιέχουσα. 
10.Prop 2.82	@τῇ[1]-μέσον[1]	τῇ ἐλάσσονι μία μόνον προσαρμόζει εὐθεῖα δυνάμει ἀσύμμετρος οὖσα τῇ ὅλῃ ποιοῦσα μετὰ τῆς ὅλης τὸ μὲν ἐκ τῶν ἀπʼ αὐτῶν τετραγώνων ῥητόν, τὸ δὲ δὶς ὑπʼ αὐτῶν μέσον.  
10.Prop 2.83	@τῇ[1]-ῥητόν[1]	τῇ μετὰ ῥητοῦ μέσον τὸ ὅλον ποιούσῃ μία μόνον προσαρμόζει εὐθεῖα δυνάμει ἀσύμμετρος οὖσα τῇ ὅλῃ, μετὰ δὲ τῆς ὅλης ποιοῦσα τὸ μὲν συγκείμενον ἐκ τῶν ἀπʼ αὐτῶν τετραγώνων μέσον, τὸ δὲ δὶς ὑπʼ αὐτῶν ῥητόν.  
10.Prop 2.84	@τῇ[1]-αὐτῶν[3]	τῇ μετὰ μέσου μέσον τὸ ὅλον ποιούσῃ μία μόνη προσαρμόζει εὐθεῖα δυνάμει ἀσύμμετρος οὖσα τῇ ὅλῃ, μετὰ δὲ τῆς ὅλης ποιοῦσα τό τε συγκείμενον ἐκ τῶν ἀπʼ αὐτῶν τετραγώνων μέσον τό τε δὶς ὑπʼ αὐτῶν μέσον καὶ ἔτι ἀσύμμετρον τῷ συγκειμένῳ ἐκ τῶν ἀπʼ αὐτῶν. 
10.Prop 3.85	@εὑρεῖν[1]-ἀποτομήν[1]	εὑρεῖν τὴν πρώτην ἀποτομήν. 
10.Prop 3.86	@εὑρεῖν[1]-ἀποτομήν[1]	εὑρεῖν τὴν δευτέραν ἀποτομήν. 
10.Prop 3.87	@εὑρεῖν[1]-ἀποτομήν[1]	εὑρεῖν τὴν τρίτην ἀποτομήν. 
10.Prop 3.88	@εὑρεῖν[1]-ἀποτομήν[1]	εὑρεῖν τὴν τετάρτην ἀποτομήν. 
10.Prop 3.89	@εὑρεῖν[1]-ἀποτομήν[1]	εὑρεῖν τὴν πέμπτην ἀποτομήν. 
10.Prop 3.90	@εὑρεῖν[1]-ἀποτομήν[1]	εὑρεῖν τὴν ἕκτην ἀποτομήν. 
10.Prop 3.91	@ἐὰν[1]-ἐστιν[1]	ἐὰν χωρίον περιέχηται ὑπὸ ῥητῆς καὶ ἀποτομῆς πρώτης, ἡ τὸ χωρίον δυναμένη ἀποτομή ἐστιν. 
10.Prop 3.92	@ἐὰν[1]-πρώτη[1]	ἐὰν χωρίον περιέχηται ὑπὸ ῥητῆς καὶ ἀποτομῆς δευτέρας, ἡ τὸ χωρίον δυναμένη μέσης ἀποτομή ἐστι πρώτη. 
10.Prop 3.93	@ἐὰν[1]-δευτέρα[1]	ἐὰν χωρίον περιέχηται ὑπὸ ῥητῆς καὶ ἀποτομῆς τρίτης, ἡ τὸ χωρίον δυναμένη μέσης ἀποτομή ἐστι δευτέρα. 
10.Prop 3.94	@ἐὰν[1]-ἐστίν[1]	ἐὰν χωρίον περιέχηται ὑπὸ ῥητῆς καὶ ἀποτομῆς τετάρτης, ἡ τὸ χωρίον δυναμένη ἐλάσσων ἐστίν. 
10.Prop 3.95	@ἐὰν[1]-ἐστιν[1]	ἐὰν χωρίον περιέχηται ὑπὸ ῥητῆς καὶ ἀποτομῆς πέμπτης, ἡ τὸ χωρίον δυναμένη<del>ἡ</del>μετὰ ῥητοῦ μέσον τὸ ὅλον ποιοῦσά ἐστιν. 
10.Prop 3.96	@ἐὰν[1]-ἐστιν[1]	ἐὰν χωρίον περιέχηται ὑπὸ ῥητῆς καὶ ἀποτομῆς ἕκτης, ἡ τὸ χωρίον δυναμένη μετὰ μέσου μέσον τὸ ὅλον ποιοῦσά ἐστιν. 
10.Prop 3.97	@τὸ[1]-πρώτην[1]	τὸ ἀπὸ ἀποτομῆς παρὰ ῥητὴν παραβαλλόμενον πλάτος ποιεῖ ἀποτομὴν πρώτην. 
10.Prop 3.98	@τὸ[1]-δευτέραν[1]	τὸ ἀπὸ μέσης ἀποτομῆς πρώτης παρὰ ῥητὴν παραβαλλόμενον πλάτος ποιεῖ ἀποτομὴν δευτέραν. 
10.Prop 3.99	@τὸ[1]-τρίτην[1]	τὸ ἀπὸ μέσης ἀποτομῆς δευτέρας παρὰ ῥητὴν παραβαλλόμενον πλάτος ποιεῖ ἀποτομὴν τρίτην. 
10.Prop 3.100	@τὸ[1]-τετάρτην[1]	τὸ ἀπὸ ἐλάσσονος παρὰ ῥητὴν παραβαλλόμενον πλάτος ποιεῖ ἀποτομὴν τετάρτην. 
10.Prop 3.101	@τὸ[1]-πέμπτην[1]	τὸ ἀπὸ τῆς μετὰ ῥητοῦ μέσον τὸ ὅλον ποιούσης παρὰ ῥητὴν παραβαλλόμενον πλάτος ποιεῖ ἀποτομὴν πέμπτην. 
10.Prop 3.102	@τὸ[1]-ἕκτην[1]	τὸ ἀπὸ τῆς μετὰ μέσου μέσον τὸ ὅλον ποιούσης παρὰ ῥητὴν παραβαλλόμενον πλάτος ποιεῖ ἀποτομὴν ἕκτην. 
10.Prop 3.103	@ἡ[1]-αὐτή[1]	ἡ τῇ ἀποτομῇ μήκει σύμμετρος ἀποτομή ἐστι καὶ τῇ τάξει ἡ αὐτή. 
10.Prop 3.104	@ἡ[1]-αὐτή[1]	ἡ τῇ μέσης ἀποτομῇ σύμμετρος μέσης ἀποτομή ἐστι καὶ τῇ τάξει ἡ αὐτή. 
10.Prop 3.105	@ἡ[1]-ἐστίν[1]	ἡ τῇ ἐλάσσονι σύμμετρος ἐλάσσων ἐστίν. 
10.Prop 3.106	@ἡ[1]-ἐστιν[1]	ἡ τῇ μετὰ ῥητοῦ μέσον τὸ ὅλον ποιούσῃ σύμμετρος μετὰ ῥητοῦ μέσον τὸ ὅλον ποιοῦσά ἐστιν. 
10.Prop 3.107	@ἡ[1]-ἐστιν[1]	ἡ τῇ μετὰ μέσου μέσον τὸ ὅλον ποιούσῃ σύμμετρος καὶ αὐτὴ μετὰ μέσου μέσον τὸ ὅλον ποιοῦσά ἐστιν. 
10.Prop 3.108	@ἀπὸ[1]-ἐλάσσων[1]	ἀπὸ ῥητοῦ μέσου ἀφαιρουμένου ἡ τὸ λοιπὸν χωρίον δυναμένη μία δύο ἀλόγων γίνεται ἤτοι ἀποτομὴ ἢ ἐλάσσων. 
10.Prop 3.109	@ἀπὸ[1]-ποιοῦσα[1]	ἀπὸ μέσου ῥητοῦ ἀφαιρουμένου ἄλλαι δύο ἄλογοι γίνονται ἤτοι μέσης ἀποτομὴ πρώτη ἢ μετὰ ῥητοῦ μέσον τὸ ὅλον ποιοῦσα. 
10.Prop 3.110	@ἀπὸ[1]-ποιοῦσα[1]	ἀπὸ μέσου μέσου ἀφαιρουμένου ἀσυμμέτρου τῷ ὅλῳ αἱ λοιπαὶ δύο ἄλογοι γίνονται ἤτοι μέσης ἀποτομὴ δευτέρα ἢ μετὰ μέσου μέσον τὸ ὅλον ποιοῦσα. 
10.Prop 3.111	@ἡ[1]-ὀνομάτων[1]	ἡ ἀποτομὴ οὐκ ἔστιν ἡ αὐτὴ τῇ ἐκ δύο ὀνομάτων. 
10.Prop 3.112	@τὸ[1]-ὀνομάτων[3]	τὸ ἀπὸ ῥητῆς παρὰ τὴν ἐκ δύο ὀνομάτων παραβαλλόμενον πλάτος ποιεῖ ἀποτομήν, ἧς τὰ ὀνόματα σύμμετρά ἐστι τοῖς τῆς ἐκ δύο ὀνομάτων ὀνόμασι καὶ ἔτι ἐν τῷ αὐτῷ λόγῳ, καὶ ἔτι ἡ γινομένη ἀποτομὴ τὴν αὐτὴν ἕξει τάξιν τῇ ἐκ δύο ὀνομάτων. 
10.Prop 3.113	@τὸ[1]-ἀποτομῇ[1]	τὸ ἀπὸ ῥητῆς παρὰ ἀποτομὴν παραβαλλόμενον πλάτος ποιεῖ τὴν ἐκ δύο ὀνομάτων, ἧς τὰ ὀνόματα σύμμετρά ἐστι τοῖς τῆς ἀποτομῆς ὀνόμασι καὶ ἐν τῷ αὐτῷ λόγῳ, ἔτι δὲ ἡ γινομένη ἐκ δύο ὀνομάτων τὴν αὐτὴν τάξιν ἔχει τῇ ἀποτομῇ. 
10.Prop 3.114	@ἐὰν[1]-ἐστιν[1]	ἐὰν χωρίον περιέχηται ὑπὸ ἀποτομῆς καὶ τῆς ἐκ δύο ὀνομάτων, ἧς τὰ ὀνόματα σύμμετρά τέ ἐστι τοῖς τῆς ἀποτομῆς ὀνόμασι καὶ ἐν τῷ αὐτῷ λόγῳ, ἡ τὸ χωρίον δυναμένη ῥητή ἐστιν.  
10.Prop 3.115	@ἀπὸ[1]-αὐτή[1]	ἀπὸ μέσης ἄπειροι ἄλογοι γίνονται, καὶ οὐδεμία οὐδεμιᾷ τῶν πρότερον ἡ αὐτή. 
11.Prop.1	@εὐθείας[1]-μετεωροτέρῳ[1]	εὐθείας γραμμῆς μέρος μέν τι οὐκ ἔστιν ἐν τῷ ὑποκειμένῳ, ἐπιπέδῳ, μέρος δέ τι ἐν μετεωροτέρῳ. 
11.Prop.2	@ἐὰν[1]-ἐπιπέδῳ[2]	ἐὰν δύο εὐθεῖαι τέμνωσιν ἀλλήλας, ἐν ἑνί εἰσιν ἐπιπέδῳ, καὶ πᾶν τρίγωνον ἐν ἑνί ἐστιν ἐπιπέδῳ. 
11.Prop.3	@ἐὰν[1]-ἐστιν[1]	ἐὰν δύο ἐπίπεδα τέμνῃ ἄλληλα, ἡ κοινὴ αὐτῶν τομὴ εὐθεῖά ἐστιν. 
11.Prop.4	@ἐὰν[1]-ἔσται[1]	ἐὰν εὐθεῖα δύο εὐθείαις τεμνούσαις ἀλλήλας πρὸς ὀρθὰς ἐπὶ τῆς κοινῆς τομῆς ἐπισταθῇ, καὶ τῷ διʼ αὐτῶν ἐπιπέδῳ πρὸς ὀρθὰς ἔσται. 
11.Prop.5	@ἐὰν[1]-ἐπιπέδῳ[1]	ἐὰν εὐθεῖα τρισὶν εὐθείαις ἁπτομέναις ἀλλήλων πρὸς ὀρθὰς ἐπὶ τῆς κοινῆς τομῆς ἐπισταθῇ, αἱ τρεῖς εὐθεῖαι ἐν ἑνί εἰσιν ἐπιπέδῳ. 
11.Prop.6	@ἐὰν[1]-εὐθεῖαι[2]	ἐὰν δύο εὐθεῖαι τῷ αὐτῷ ἐπιπέδῳ πρὸς ὀρθὰς ὦσιν, παράλληλοι ἔσονται αἱ εὐθεῖαι. 
11.Prop.7	@ἐὰν[1]-παραλλήλοις[1]	ἐὰν ὦσι δύο εὐθεῖαι παράλληλοι, ληφθῇ δὲ ἐφʼ ἑκατέρας αὐτῶν τυχόντα σημεῖα, ἡ ἐπὶ τὰ σημεῖα ἐπιζευγνυμένη εὐθεῖα ἐν τῷ αὐτῷ ἐπιπέδῳ ἐστὶ ταῖς παραλλήλοις. 
11.Prop.8	@ἐὰν[1]-ἔσται[1]	ἐὰν ὦσι δύο εὐθεῖαι παράλληλοι, ἡ δὲ ἑτέρα αὐτῶν ἐπιπέδῳ τινὶ πρὸς ὀρθὰς ᾖ, καὶ ἡ λοιπὴ τῷ αὐτῷ ἐπιπέδῳ πρὸς ὀρθὰς ἔσται. 
11.Prop.9	@αἱ[1]-παράλληλοι[2]	αἱ τῇ αὐτῇ εὐθείᾳ παράλληλοι καὶ μὴ οὖσαι αὐτῇ ἐν τῷ αὐτῷ ἐπιπέδῳ καὶ ἀλλήλαις εἰσὶ παράλληλοι. 
11.Prop.10	@ἐὰν[1]-περιέξουσιν[1]	ἐὰν δύο εὐθεῖαι ἁπτόμεναι ἀλλήλων παρὰ δύο εὐθείας ἁπτομένας ἀλλήλων ὦσι μὴ ἐν τῷ αὐτῷ ἐπιπέδῳ, ἴσας γωνίας περιέξουσιν. 
11.Prop.11	@ἀπὸ[1]-ἀγαγεῖν[1]	ἀπὸ τοῦ δοθέντος σημείου μετεώρου ἐπὶ τὸ δοθὲν ἐπίπεδον κάθετον εὐθεῖαν γραμμὴν ἀγαγεῖν. 
11.Prop.12	@τῷ[1]-ἀναστῆσαι[1]	τῷ δοθέντι ἐπιπέδῳ ἀπὸ τοῦ πρὸς αὐτῷ δοθέντος σημείου<lb rend="displayNum" n="1"/>πρὸς ὀρθὰς εὐθεῖαν γραμμὴν ἀναστῆσαι. 
11.Prop.13	@ἀπὸ[1]-μέρη[1]	ἀπὸ τοῦ αὐτοῦ σημείου τῷ αὐτῷ ἐπιπέδῳ δύο εὐθεῖαι πρὸς ὀρθὰς οὐκ ἀναστήσονται ἐπὶ τὰ αὐτὰ μέρη. 
11.Prop.14	@πρὸς[1]-ἐπίπεδα[2]	πρὸς ἃ ἐπίπεδα ἡ αὐτὴ εὐθεῖα ὀρθή ἐστιν, παράλληλα ἔσται τὰ ἐπίπεδα. 
11.Prop.15	@ἐὰν[1]-ἐπίπεδα[1]	ἐὰν δύο εὐθεῖαι ἁπτόμεναι ἀλλήλων παρὰ δύο εὐθείας ἁπτομένας ἀλλήλων ὦσι μὴ ἐν τῷ αὐτῷ ἐπιπέδῳ οὖσαι, παράλληλά ἐστι τὰ διʼ αὐτῶν ἐπίπεδα. 
11.Prop.16	@ἐὰν[1]-εἰσιν[1]	ἐὰν δύο ἐπίπεδα παράλληλα ὑπὸ ἐπιπέδου τινὸς τέμνηται, αἱ κοιναὶ αὐτῶν τομαὶ παράλληλοί εἰσιν. 
11.Prop.17	@ἐὰν[1]-τμηθήσονται[1]	ἐὰν δύο εὐθεῖαι ὑπὸ παραλλήλων ἐπιπέδων τέμνωνται εἰς τοὺς αὐτοὺς λόγους τμηθήσονται. 
11.Prop.18	@ἐὰν[1]-ἔσται[1]	ἐὰν εὐθεῖα ἐπιπέδῳ τινὶ πρὸς ὀρθὰς ᾖ, καὶ πάντα τὰ διʼ αὐτῆς ἐπίπεδα τῷ αὐτῷ ἐπιπέδῳ πρὸς ὀρθὰς ἔσται. 
11.Prop.19	@ἐὰν[1]-ἔσται[1]	ἐὰν δύο ἐπίπεδα τέμνοντα ἄλληλα ἐπιπέδῳ τινὶ πρὸς ὀρθὰς ᾖ, καὶ ἡ κοινὴ αὐτῶν τομὴ τῷ αὐτῷ ἐπιπέδῳ πρὸς ὀρθὰς ἔσται. 
11.Prop.20	@ἐὰν[1]-μεταλαμβανόμεναι[1]	ἐὰν στερεὰ γωνία ὑπὸ τριῶν γωνιῶν ἐπιπέδων περιέχηται, δύο ὁποιαιοῦν τῆς λοιπῆς μείζονές εἰσι πάντῃ μεταλαμβανόμεναι. 
11.Prop.21	@ἅπασα[1]-περιέχεται[1]	ἅπασα στερεὰ γωνία ὑπὸ ἐλασσόνων<del>ἢ</del>τεσσάρων ὀρθῶν γωνιῶν ἐπιπέδων περιέχεται. 
11.Prop.22	@ἐὰν[1]-συστήσασθαι[1]	ἐὰν ὦσι τρεῖς γωνίαι ἐπίπεδοι, ὧν αἱ δύο τῆς λοιπῆς μείζονές εἰσι πάντῃ μεταλαμβανόμεναι, περιέχωσι δὲ αὐτὰς ἴσαι εὐθεῖαι, δυνατόν ἐστιν ἐκ τῶν ἐπιζευγνυουσῶν τὰς ἴσας εὐθείας τρίγωνον συστήσασθαι.   
11.Prop.23	@ἐκ[1]-εἶναι[1]	ἐκ τριῶν γωνιῶν ἐπιπέδων, ὧν αἱ δύο τῆς λοιπῆς μείζονές εἰσι πάντῃ μεταλαμβανόμεναι, στερεὰν γωνίαν συστήσασθαι· δεῖ δὴ τὰς τρεῖς τεσσάρων ὀρθῶν ἐλάσσονας εἶναι.  
11.Prop.24	@ἐὰν[1]-ἐστιν[1]	ἐὰν στερεὸν ὑπὸ παραλλήλων ἐπιπέδων περιέχηται, τὰ ἀπεναντίον αὐτοῦ ἐπίπεδα ἴσα τε καὶ παραλληλόγραμμά ἐστιν. 
11.Prop.25	@ἐὰν[1]-στερεόν[1]	ἐὰν στερεὸν παραλληλεπίπεδον ἐπιπέδῳ τμηθῇ παραλλήλῳ ὄντι τοῖς ἀπεναντίον ἐπιπέδοις, ἔσται ὡς ἡ βάσις πρὸς τὴν βάσιν, οὕτως τὸ στερεὸν πρὸς τὸ στερεόν. 
11.Prop.26	@πρὸς[1]-συστήσασθαι[1]	πρὸς τῇ δοθείσῃ εὐθείᾳ καὶ τῷ πρὸς αὐτῇ σημείῳ τῇ δοθείσῃ στερεᾷ γωνίᾳ ἴσην στερεὰν γωνίαν συστήσασθαι. 
11.Prop.27	@ἀπὸ[1]-ἀναγράψαι[1]	ἀπὸ τῆς δοθείσης εὐθείας τῷ δοθέντι στερεῷ παραλληλεπιπέδῳ<lb rend="displayNum" n="1"/>ὅμοιόν τε καὶ ὁμοίως κείμενον στερεὸν παραλληλεπίπεδον ἀναγράψαι. 
11.Prop.28	@ἐὰν[1]-ἐπιπέδου[1]	ἐὰν στερεὸν παραλληλεπίπεδον ἐπιπέδῳ τμηθῇ κατὰ τὰς διαγωνίους τῶν ἀπεναντίον ἐπιπέδων, δίχα τμηθήσεται τὸ στερεὸν ὑπὸ τοῦ ἐπιπέδου. 
11.Prop.29	@τὰ[1]-ἐστίν[1]	τὰ ἐπὶ τῆς αὐτῆς βάσεως ὄντα στερεὰ παραλληλεπίπεδα καὶ ὑπὸ τὸ αὐτὸ ὕψος, ὧν αἱ ἐφεστῶσαι ἐπὶ τῶν αὐτῶν εἰσιν εὐθειῶν, ἴσα ἀλλήλοις ἐστίν. 
11.Prop.30	@τὰ[1]-ἐστίν[1]	τὰ ἐπὶ τῆς αὐτῆς βάσεως ὄντα στερεὰ παραλληλεπίπεδα καὶ ὑπὸ τὸ αὐτὸ ὕψος, ὧν αἱ ἐφεστῶσαι οὐκ εἰσὶν ἐπὶ τῶν αὐτῶν εὐθειῶν, ἴσα ἀλλήλοις ἐστίν. 
11.Prop.31	@τὰ[1]-ἐστίν[1]	τὰ ἐπὶ ἴσων βάσεων ὄντα στερεὰ παραλληλεπίπεδα καὶ ὑπὸ τὸ αὐτὸ ὕψος ἴσα ἀλλήλοις ἐστίν. 
11.Prop.32	@τὰ[1]-βάσεις[1]	τὰ ὑπὸ τὸ αὐτὸ ὕψος ὄντα στερεὰ παραλληλεπίπεδα πρὸς ἄλληλά ἐστιν ὡς αἱ βάσεις. 
11.Prop.33	@τὰ[1]-πλευρῶν[1]	τὰ ὅμοια στερεὰ παραλληλεπίπεδα πρὸς ἄλληλα ἐν τριπλασίονι λόγῳ εἰσὶ τῶν ὁμολόγων πλευρῶν. 
11.Prop.34	@τῶν[1]-ἐκεῖνα[1]	τῶν ἴσων στερεῶν παραλληλεπιπέδων ἀντιπεπόνθασιν αἱ βάσεις τοῖς ὕψεσιν· καὶ ὧν στερεῶν παραλληλεπιπέδων ἀντιπεπόνθασιν αἱ βάσεις τοῖς ὕψεσιν, ἴσα ἐστὶν ἐκεῖνα. 
11.Prop.35	@ἐὰν[1]-μετεώρων[2]	ἐὰν ὦσι δύο γωνίαι ἐπίπεδοι ἴσαι, ἐπὶ δὲ τῶν κορυφῶν αὐτῶν μετέωροι εὐθεῖαι ἐπισταθῶσιν ἴσας γωνίας περιέχουσαι μετὰ τῶν ἐξ ἀρχῆς εὐθειῶν ἑκατέραν ἑκατέρᾳ, ἐπὶ δὲ τῶν μετεώρων ληφθῇ τυχόντα σημεῖα, καὶ ἀπʼ αὐτῶν ἐπὶ τὰ ἐπίπεδα, ἐν οἷς εἰσιν αἱ ἐξ ἀρχῆς γωνίαι, κάθετοι ἀχθῶσιν, ἀπὸ δὲ τῶν γενομένων σημείων ἐν τοῖς ἐπιπέδοις ἐπὶ τὰς ἐξ ἀρχῆς γωνίας ἐπιζευχθῶσιν εὐθεῖαι, ἴσας γωνίας περιέξουσι μετὰ τῶν μετεώρων. 
11.Prop.36	@ἐὰν[1]-προειρημένῳ[1]	ἐὰν τρεῖς εὐθεῖαι ἀνάλογον ὦσιν, τὸ ἐκ τῶν τριῶν στερεὸν παραλληλεπίπεδον ἴσον ἐστὶ τῷ ἀπὸ τῆς μέσης στερεῷ παραλληλεπιπέδῳ ἰσοπλεύρῳ μέν, ἰσογωνίῳ δὲ τῷ προειρημένῳ.  
11.Prop.37	@ἐὰν[1]-ἔσονται[1]	ἐὰν τέσσαρες εὐθεῖαι ἀνάλογον ὦσιν, καὶ τὰ ἀπʼ αὐτῶν στερεὰ παραλληλεπίπεδα ὅμοιά τε καὶ ὁμοίως ἀναγραφόμενα ἀνάλογον ἔσται· καὶ ἐὰν τὰ ἀπʼ αὐτῶν στερεὰ παραλληλεπίπεδα ὅμοιά τε καὶ ὁμοίως ἀναγραφόμενα ἀνάλογον ᾖ, καὶ αὐταὶ αἱ εὐθεῖαι ἀνάλογον ἔσονται. 
11.Prop.38	@ἐὰν[1]-ἀλλήλας[1]	ἐὰν κύβου τῶν ἀπεναντίον ἐπιπέδων αἱ πλευραὶ δίχα τμηθῶσιν, διὰ δὲ τῶν τομῶν ἐπίπεδα ἐκβληθῇ, ἡ κοινὴ τομὴ τῶν ἐπιπέδων καὶ ἡ τοῦ κύβου διάμετρος δίχα τέμνουσιν ἀλλήλας.  
11.Prop.39	@ἐὰν[1]-πρίσματα[2]	ἐὰν ᾖ δύο πρίσματα ἰσοϋψῆ, καὶ τὸ μὲν ἔχῃ βάσιν παραλληλόγραμμον, τὸ δὲ τρίγωνον, διπλάσιον δὲ ᾖ τὸ παραλληλόγραμμον τοῦ τριγώνου, ἴσα ἔσται τὰ πρίσματα. 
12.Prop.1	@τὰ[1]-τετράγωνα[1]	τὰ ἐν τοῖς κύκλοις ὅμοια πολύγωνα πρὸς ἄλληλά ἐστιν ὡς τὰ ἀπὸ τῶν διαμέτρων τετράγωνα. 
12.Prop.2	@οἱ[1]-τετράγωνα[1]	οἱ κύκλοι πρὸς ἀλλήλους εἰσὶν ὡς τὰ ἀπὸ τῶν διαμέτρων τετράγωνα. 
12.Prop.3	@πᾶσα[1]-πυραμίδος[1]	πᾶσα πυραμὶς τρίγωνον ἔχουσα βάσιν διαιρεῖται εἰς δύο πυραμίδας ἴσας τε καὶ ὁμοίας ἀλλήλαις καὶ<del>ὁμοίας</del>τῇ ὅλῃ τριγώνους ἐχούσας βάσεις καὶ εἰς δύο πρίσματα ἴσα· καὶ τὰ δύο πρίσματα μείζονά ἐστιν ἢ τὸ ἥμισυ τῆς ὅλης πυραμίδος. 
12.Prop.4	@ἐὰν[1]-ἰσοπληθῆ[1]	ἐὰν ὦσι δύο πυραμίδες ὑπὸ τὸ αὐτὸ ὕψος τριγώνους ἔχουσαι βάσεις, διαιρεθῇ δὲ ἑκατέρα αὐτῶν εἴς τε δύο πυραμίδας ἴσας ἀλλήλαις καὶ ὁμοίας τῇ ὅλῃ καὶ εἰς δύο  πρίσματα ἴσα, ἔσται ὡς ἡ τῆς μιᾶς πυραμίδος βάσις πρὸς τὴν τῆς ἑτέρας πυραμίδος βάσιν, οὕτως τὰ ἐν τῇ μιᾷ πυραμίδι πρίσματα πάντα πρὸς τὰ ἐν τῇ ἑτέρᾳ πυραμίδι πρίσματα πάντα ἰσοπληθῆ. 
12.Prop.5	@αἱ[1]-βάσεις[2]	αἱ ὑπὸ τὸ αὐτὸ ὕψος οὖσαι πυραμίδες καὶ τριγώνους ἔχουσαι βάσεις πρὸς ἀλλήλας εἰσὶν ὡς αἱ βάσεις. 
12.Prop.6	@αἱ[1]-βάσεις[2]	αἱ ὑπὸ τὸ αὐτὸ ὕψος οὖσαι πυραμίδες καὶ πολυγώνους ἔχουσαι βάσεις πρὸς ἀλλήλας εἰσὶν ὡς αἱ βάσεις. 
	@πᾶν[1]-ἐχούσας[1]	πᾶν πρίσμα τρίγωνον ἔχον βάσιν διαιρεῖται εἰς τρεῖς πυραμίδας ἴσας ἀλλήλαις τριγώνους βάσεις ἐχούσας.
12.Prop.8	@αἱ[1]-πλευρῶν[1]	αἱ ὅμοιαι πυραμίδες καὶ τριγώνους ἔχουσαι βάσεις ἐν τριπλασίονι λόγῳ εἰσὶ τῶν ὁμολόγων πλευρῶν. 
12.Prop.9	@τῶν[1]-ἐκεῖναι[1]	τῶν ἴσων πυραμίδων καὶ τριγώνους βάσεις ἐχουσῶν ἀντιπεπόνθασιν αἱ βάσεις τοῖς ὕψεσιν· καὶ ὧν πυραμίδων τριγώνους βάσεις ἐχουσῶν ἀντιπεπόνθασιν αἱ βάσεις τοῖς ὕψεσιν, ἴσαι εἰσὶν ἐκεῖναι.  
12.Prop.10	@πᾶς[1]-ἴσον[1]	πᾶς κῶνος κυλίνδρου τρίτον μέρος ἐστὶ τοῦ τὴν αὐτὴν βάσιν ἔχοντος αὐτῷ καὶ ὕψος ἴσον. 
12.Prop.11	@οἱ[1]-βάσεις[1]	οἱ ὑπὸ τὸ αὐτὸ ὕψος ὄντες κῶνοι καὶ κύλινδροι πρὸς ἀλλήλους εἰσὶν ὡς αἱ βάσεις. 
12.Prop.12	@οἱ[1]-διαμέτρων[1]	οἱ ὅμοιοι κῶνοι καὶ κύλινδροι πρὸς ἀλλήλους ἐν τριπλασίονι λόγῳ εἰσὶ τῶν ἐν ταῖς βάσεσι διαμέτρων. 
12.Prop.13	@ἐὰν[1]-ἄξονα[1]	ἐὰν κύλινδρος ἐπιπέδῳ τμηθῇ παραλλήλῳ ὄντι τοῖς ἀπεναντίον ἐπιπέδοις, ἔσται ὡς ὁ κύλινδρος πρὸς τὸν κύλινδρον, οὕτως ὁ ἄξων πρὸς τὸν ἄξονα. 
12.Prop.14	@οἱ[1]-ὕψη[1]	οἱ ἐπὶ ἴσων βάσεων ὄντες κῶνοι καὶ κύλινδροι πρὸς ἀλλήλους εἰσὶν ὡς τὰ ὕψη. 
12.Prop.15	@τῶν[1]-ἐκεῖνοι[1]	τῶν ἴσων κώνων καὶ κυλίνδρων ἀντιπεπόνθασιν αἱ βάσεις τοῖς ὕψεσιν· καὶ ὧν κώνων καὶ κυλίνδρων ἀντιπεπόνθασιν αἱ βάσεις τοῖς ὕψεσιν, ἴσοι εἰσὶν ἐκεῖνοι. 
12.Prop.16	@δύο[1]-κύκλου[1]	δύο κύκλων περὶ τὸ αὐτὸ κέντρον ὄντων εἰς τὸν μείζονα κύκλον πολύγωνον ἰσόπλευρόν τε καὶ ἀρτιόπλευρον ἐγγράψαι μὴ ψαῦον τοῦ ἐλάσσονος κύκλου. 
12.Prop.17	@δύο[1]-ἐπιφάνειαν[1]	δύο σφαιρῶν περὶ τὸ αὐτὸ κέντρον οὐσῶν εἰς τὴν μείζονα σφαῖραν στερεὸν πολύεδρον ἐγγράψαι μὴ ψαῦον τῆς ἐλάσσονος σφαίρας κατὰ τὴν ἐπιφάνειαν. 
12.Prop.18	@αἱ[1]-διαμέτρων[1]	αἱ σφαῖραι πρὸς ἀλλήλας ἐν τριπλασίονι λόγῳ εἰσὶ τῶν ἰδίων διαμέτρων. 
13.Prop.1	@ἐὰν[1]-τετραγώνου[1]	ἐὰν εὐθεῖα γραμμὴ ἄκρον καὶ μέσον λόγον τμηθῇ, τὸ μεῖζον τμῆμα προσλαβὸν τὴν ἡμίσειαν τῆς ὅλης πενταπλάσιον δύναται τοῦ ἀπὸ τῆς ἡμισείας τετραγώνου. 
13.Prop.2	@ἐὰν[1]-εὐθείας[1]	ἐὰν εὐθεῖα γραμμὴ τμήματος ἑαυτῆς πενταπλάσιον δύνηται, τῆς διπλασίας τοῦ εἰρημένου τμήματος ἄκρον καὶ μέσον λόγον τεμνομένης τὸ μεῖζον τμῆμα τὸ λοιπὸν μέρος ἐστὶ τῆς ἐξ ἀρχῆς εὐθείας.  
13.Prop.3	@ἐὰν[1]-τετραγώνου[1]	ἐὰν εὐθεῖα γραμμὴ ἄκρον καὶ μέσον λόγον τμηθῇ, τὸ ἔλασσον τμῆμα προσλαβὸν τὴν ἡμίσειαν τοῦ μείζονος τμήματος πενταπλάσιον δύναται τοῦ ἀπὸ τῆς ἡμισείας τοῦ μείζονος τμήματος τετραγώνου.  
13.Prop.4	@ἐὰν[1]-τετραγώνου[1]	ἐὰν εὐθεῖα γραμμὴ ἄκρον καὶ μέσον λόγον τμηθῇ, τὸ ἀπὸ τῆς ὅλης καὶ τοῦ ἐλάσσονος τμήματος, τὰ συναμφότερα τετράγωνα, τριπλάσιά ἐστι τοῦ ἀπὸ τοῦ μείζονος τμήματος τετραγώνου.  
	@ἐὰν[1]-εὐθεῖα[3]	ἐὰν εὐθεῖα γραμμὴ ἄκρον καὶ μέσον λόγον τμηθῇ, καὶ προστεθῇ αὐτῇ ἴση τῷ μείζονι τμήματι, ἡ ὅλη εὐθεῖα ἄκρον καὶ μέσον λόγον τέτμηται, καὶ τὸ μεῖζον τμῆμά ἐστιν ἡ ἐξ ἀρχῆς εὐθεῖα. 
13.Prop.6	@ἐὰν[1]-ἀποτομή[1]	ἐὰν εὐθεῖα ῥητὴ ἄκρον καὶ μέσον λόγον τμηθῇ, ἑκάτερον τῶν τμημάτων ἄλογός ἐστιν ἡ καλουμένη ἀποτομή. 
13.Prop.7	@ἐὰν[1]-πεντάγωνον[1]	ἐὰν πενταγώνου ἰσοπλεύρου αἱ τρεῖς γωνίαι ἤτοι αἱ κατὰ τὸ ἑξῆς ἢ αἱ μὴ κατὰ τὸ ἑξῆς ἴσαι ὦσιν, ἰσογώνιον ἔσται τὸ πεντάγωνον. 
13.Prop.8	@ἐὰν[1]-πλευρᾷ[1]	ἐὰν πενταγώνου ἰσοπλεύρου καὶ ἰσογωνίου τὰς κατὰ τὸ ἑξῆς δύο γωνίας ὑποτείνωσιν εὐθεῖαι, ἄκρον καὶ μέσον λόγον τέμνουσιν ἀλλήλας, καὶ τὰ μείζονα αὐτῶν τμήματα ἴσα ἐστὶ τῇ τοῦ πενταγώνου πλευρᾷ.  
13.Prop.9	@ἐὰν[1]-πλευρά[1]	ἐὰν ἡ τοῦ ἑξαγώνου πλευρὰ καὶ ἡ τοῦ δεκαγώνου τῶν εἰς τὸν αὐτὸν κύκλον ἐγγραφομένων συντεθῶσιν, ἡ ὅλη εὐθεῖα ἄκρον καὶ μέσον λόγον τέτμηται, καὶ τὸ μεῖζον αὐτῆς τμῆμά ἐστιν ἡ τοῦ ἑξαγώνου πλευρά.  
13.Prop.10	@ἐὰν[1]-ἐγγραφομένων[1]	ἐὰν εἰς κύκλον πεντάγωνον ἰσόπλευρον ἐγγραφῇ, ἡ τοῦ πενταγώνου πλευρὰ δύναται τήν τε τοῦ ἑξαγώνου καὶ τὴν τοῦ δεκαγώνου τῶν εἰς τὸν αὐτὸν κύκλον ἐγγραφομένων. 
13.Prop.11	@ἐὰν[1]-ἐλάσσων[1]	ἐὰν εἰς κύκλον ῥητὴν ἔχοντα τὴν διάμετρον πεντάγωνον ἰσόπλευρον ἐγγραφῇ, ἡ τοῦ πενταγώνου πλευρὰ ἄλογός ἐστιν ἡ καλουμένη ἐλάσσων. 
13.Prop.12	@ἐὰν[1]-κύκλου[1]	ἐὰν εἰς κύκλον τρίγωνον ἰσόπλευρον ἐγγραφῇ, ἡ τοῦ τριγώνου πλευρὰ δυνάμει τριπλασίων ἐστὶ τῆς ἐκ τοῦ κέντρου τοῦ κύκλου. 
13.Prop.13	@πυραμίδα[1]-πυραμίδος[1]	πυραμίδα συστήσασθαι καὶ σφαίρᾳ περιλαβεῖν τῇ δοθείσῃ καὶ δεῖξαι, ὅτι ἡ τῆς σφαίρας διάμετρος δυνάμει ἡμιολία ἐστὶ τῆς πλευρᾶς τῆς πυραμίδος. 
13.Prop.14	@ὀκτάεδρον[1]-ὀκταέδρου[1]	ὀκτάεδρον συστήσασθαι καὶ σφαίρᾳ περιλαβεῖν, ᾗ καὶ τὰ πρότερα, καὶ δεῖξαι, ὅτι ἡ τῆς σφαίρας διάμετρος δυνάμει διπλασία ἐστὶ τῆς πλευρᾶς τοῦ ὀκταέδρου. 
13.Prop.15	@κύβον[1]-πλευρᾶς[1]	κύβον συστήσασθαι καὶ σφαίρᾳ περιλαβεῖν, ᾗ καὶ τὴν πυραμίδα, καὶ δεῖξαι, ὅτι ἡ τῆς σφαίρας διάμετρος δυνάμει τριπλασίων ἐστὶ τῆς τοῦ κύβου πλευρᾶς. 
13.Prop.16	@εἰκοσάεδρον[1]-ἐλάττων[1]	εἰκοσάεδρον συστήσασθαι καὶ σφαίρᾳ περιλαβεῖν, ᾗ καὶ τὰ προειρημένα σχήματα, καὶ δεῖξαι, ὅτι ἡ τοῦ εἰκοσαέδρου πλευρὰ ἄλογός ἐστιν ἡ καλουμένη ἐλάττων. 
13.Prop.17	@δωδεκάεδρον[1]-ἀποτομή[1]	δωδεκάεδρον συστήσασθαι καὶ σφαίρᾳ περιλαβεῖν, ᾗ καὶ τὰ προειρημένα σχήματα, καὶ δεῖξαι, ὅτι ἡ τοῦ δωδεκαέδρου πλευρὰ ἄλογός ἐστιν ἡ καλουμένη ἀποτομή. 
13.Prop.18	@τὰς[1]-ἀλλήλας[1]	τὰς πλευρὰς τῶν πέντε σχημάτων ἐκθέσθαι καὶ συγκρῖναι πρὸς ἀλλήλας.