Current Perseus ID	Numbering in work	Page	Link	Temp PNG File	PDF Page	Coords
Euc. 1.Prop.1	1.prop.	3	http://digital.slub-dresden.de/en/workview/dlf/7154/17/0/			
Euc. 1.Prop.2	1.prop.	3	http://digital.slub-dresden.de/en/workview/dlf/7154/17/0/			
Euc. 1.Prop.3	1.prop.	3	http://digital.slub-dresden.de/en/workview/dlf/7154/17/0/			
Euc. 1.Prop.4	1.prop.	4	http://digital.slub-dresden.de/en/workview/dlf/7154/18/0/			
Euc. 1.Prop.5	1.prop.	4	http://digital.slub-dresden.de/en/workview/dlf/7154/18/0/			
Euc. 1.Prop.6	1.prop.	5	http://digital.slub-dresden.de/en/workview/dlf/7154/19/0/			
Euc. 1.Prop.7	1.prop.	5	http://digital.slub-dresden.de/en/workview/dlf/7154/19/0/			
Euc. 1.Prop.8	1.prop.	5	http://digital.slub-dresden.de/en/workview/dlf/7154/19/0/			
Euc. 1.Prop.8	1.prop.	6	http://digital.slub-dresden.de/en/workview/dlf/7154/20/0/			
Euc. 1.Prop.9	1.prop.	6	http://digital.slub-dresden.de/en/workview/dlf/7154/20/0/			
Euc. 1.Prop.10	1.prop.	6	http://digital.slub-dresden.de/en/workview/dlf/7154/20/0/			
Euc. 1.Prop.11	1.prop.	6	http://digital.slub-dresden.de/en/workview/dlf/7154/20/0/			
Euc. 1.Prop.12	1.prop.	7	http://digital.slub-dresden.de/en/workview/dlf/7154/21/0/			
Euc. 1.Prop.13	1.prop.	7	http://digital.slub-dresden.de/en/workview/dlf/7154/21/0/			
Euc. 1.Prop.14	1.prop.	7	http://digital.slub-dresden.de/en/workview/dlf/7154/21/0/			
Euc. 1.Prop.14	1.prop.	8	http://digital.slub-dresden.de/en/workview/dlf/7154/22/0/			
Euc. 1.Prop.15	1.prop.	8	http://digital.slub-dresden.de/en/workview/dlf/7154/22/0/			
Euc. 1.Prop.16	1.prop.	8	http://digital.slub-dresden.de/en/workview/dlf/7154/22/0/			
Euc. 1.Prop.17	1.prop.	8	http://digital.slub-dresden.de/en/workview/dlf/7154/22/0/			
Euc. 1.Prop.18	1.prop.	9	http://digital.slub-dresden.de/en/workview/dlf/7154/23/0/			
Euc. 1.Prop.19	1.prop.	9	http://digital.slub-dresden.de/en/workview/dlf/7154/23/0/			
Euc. 1.Prop.20	1.prop.	9	http://digital.slub-dresden.de/en/workview/dlf/7154/23/0/			
Euc. 1.Prop.21	1.prop.	9	http://digital.slub-dresden.de/en/workview/dlf/7154/23/0/			
Euc. 1.Prop.22	1.prop.	10	http://digital.slub-dresden.de/en/workview/dlf/7154/24/0/			
Euc. 1.Prop.23	1.prop.	10	http://digital.slub-dresden.de/en/workview/dlf/7154/24/0/			
Euc. 1.Prop.24	1.prop.	11	http://digital.slub-dresden.de/en/workview/dlf/7154/25/0/			
Euc. 1.Prop.25	1.prop.	11	http://digital.slub-dresden.de/en/workview/dlf/7154/25/0/			
Euc. 1.Prop.26	1.prop.	11	http://digital.slub-dresden.de/en/workview/dlf/7154/25/0/			
Euc. 1.Prop.27	1.prop.	12	http://digital.slub-dresden.de/en/workview/dlf/7154/26/0/			
Euc. 1.Prop.28	1.prop.	13	http://digital.slub-dresden.de/en/workview/dlf/7154/27/0/			
Euc. 1.Prop.29	1.prop.	13	http://digital.slub-dresden.de/en/workview/dlf/7154/27/0/			
	1.prop.	13	http://digital.slub-dresden.de/en/workview/dlf/7154/27/0/			
Euc. 1.Prop.31	1.prop.	14	http://digital.slub-dresden.de/en/workview/dlf/7154/28/0/			
Euc. 1.Prop.32	1.prop.	14	http://digital.slub-dresden.de/en/workview/dlf/7154/28/0/			
Euc. 1.Prop.33	1.prop.	14	http://digital.slub-dresden.de/en/workview/dlf/7154/28/0/			
Euc. 1.Prop.34	1.prop.	15	http://digital.slub-dresden.de/en/workview/dlf/7154/29/0/			
Euc. 1.Prop.35	1.prop.	15	http://digital.slub-dresden.de/en/workview/dlf/7154/29/0/			
Euc. 1.Prop.36	1.prop.	15	http://digital.slub-dresden.de/en/workview/dlf/7154/29/0/			
Euc. 1.Prop.37	1.prop.	16	http://digital.slub-dresden.de/en/workview/dlf/7154/30/0/			
Euc. 1.Prop.38	1.prop.	16	http://digital.slub-dresden.de/en/workview/dlf/7154/30/0/			
Euc. 1.Prop.39	1.prop.	16	http://digital.slub-dresden.de/en/workview/dlf/7154/30/0/			
Euc. 1.Prop.40	1.prop.	17	http://digital.slub-dresden.de/en/workview/dlf/7154/31/0/			
Euc. 1.Prop.41	1.prop.	17	http://digital.slub-dresden.de/en/workview/dlf/7154/31/0/			
Euc. 1.Prop.42	1.prop.	17	http://digital.slub-dresden.de/en/workview/dlf/7154/31/0/			
Euc. 1.Prop.43	1.prop.	17	http://digital.slub-dresden.de/en/workview/dlf/7154/31/0/			
Euc. 1.Prop.44	1.prop.	18	http://digital.slub-dresden.de/en/workview/dlf/7154/32/0/			
Euc. 1.Prop.45	1.prop.	18	http://digital.slub-dresden.de/en/workview/dlf/7154/32/0/			
Euc. 1.Prop.46	1.prop.	19	http://digital.slub-dresden.de/en/workview/dlf/7154/33/0/			
Euc. 1.Prop.47	1.prop.	19	http://digital.slub-dresden.de/en/workview/dlf/7154/33/0/			
Euc. 1.Prop.48	1.prop.	20	http://digital.slub-dresden.de/en/workview/dlf/7154/34/0/			
Euc. 2.Prop.1	2.prop.	21	http://digital.slub-dresden.de/en/workview/dlf/7154/35/0/			
Euc. 2.Prop.2	2.prop.	21	http://digital.slub-dresden.de/en/workview/dlf/7154/35/0/			
Euc. 2.Prop.3	2.prop.	21	http://digital.slub-dresden.de/en/workview/dlf/7154/35/0/			
Euc. 2.Prop.3	2.prop.	22	http://digital.slub-dresden.de/en/workview/dlf/7154/36/0/			
Euc. 2.Prop.4	2.prop.	22	http://digital.slub-dresden.de/en/workview/dlf/7154/36/0/			
Euc. 2.Prop.5	2.prop.	23	http://digital.slub-dresden.de/en/workview/dlf/7154/37/0/			
Euc. 2.Prop.6	2.prop.	23	http://digital.slub-dresden.de/en/workview/dlf/7154/37/0/			
	2.prop.	24	http://digital.slub-dresden.de/en/workview/dlf/7154/38/0/			
Euc. 2.Prop.8	2.prop.	24	http://digital.slub-dresden.de/en/workview/dlf/7154/38/0/			
Euc. 2.Prop.9	2.prop.	25	http://digital.slub-dresden.de/en/workview/dlf/7154/39/0/			
Euc. 2.Prop.10	2.prop.	26	http://digital.slub-dresden.de/en/workview/dlf/7154/40/0/			
Euc. 2.Prop.11	2.prop.	27	http://digital.slub-dresden.de/en/workview/dlf/7154/41/0/			
Euc. 2.Prop.12	2.prop.	27	http://digital.slub-dresden.de/en/workview/dlf/7154/41/0/			
Euc. 2.Prop.13	2.prop.	28	http://digital.slub-dresden.de/en/workview/dlf/7154/42/0/			
Euc. 2.Prop.14	2.prop.	28	http://digital.slub-dresden.de/en/workview/dlf/7154/42/0/			
Euc. 3.Prop.1	3.prop.	30	http://digital.slub-dresden.de/en/workview/dlf/7154/44/0/			
Euc. 3.Prop.2	3.prop.	30	http://digital.slub-dresden.de/en/workview/dlf/7154/44/0/			
Euc. 3.Prop.3	3.prop.	30	http://digital.slub-dresden.de/en/workview/dlf/7154/44/0/			
Euc. 3.Prop.4	3.prop.	31	http://digital.slub-dresden.de/en/workview/dlf/7154/45/0/			
Euc. 3.Prop.5	3.prop.	31	http://digital.slub-dresden.de/en/workview/dlf/7154/45/0/			
Euc. 3.Prop.6	3.prop.	31	http://digital.slub-dresden.de/en/workview/dlf/7154/45/0/			
Euc. 3.Prop.7	3.prop.	31	http://digital.slub-dresden.de/en/workview/dlf/7154/45/0/			
Euc. 3.Prop.7	3.prop.	32	http://digital.slub-dresden.de/en/workview/dlf/7154/46/0/			
Euc. 3.Prop.8	3.prop.	32	http://digital.slub-dresden.de/en/workview/dlf/7154/46/0/			
Euc. 3.Prop.9	3.prop.	33	http://digital.slub-dresden.de/en/workview/dlf/7154/47/0/			
Euc. 3.Prop.10	3.prop.	34	http://digital.slub-dresden.de/en/workview/dlf/7154/48/0/			
Euc. 3.Prop.11	3.prop.	34	http://digital.slub-dresden.de/en/workview/dlf/7154/48/0/			
Euc. 3.Prop.12	3.prop.	35	http://digital.slub-dresden.de/en/workview/dlf/7154/49/0/			
Euc. 3.Prop.13	3.prop.	35	http://digital.slub-dresden.de/en/workview/dlf/7154/49/0/			
Euc. 3.Prop.14	3.prop.	35	http://digital.slub-dresden.de/en/workview/dlf/7154/49/0/			
Euc. 3.Prop.15	3.prop.	36	http://digital.slub-dresden.de/en/workview/dlf/7154/50/0/			
Euc. 3.Prop.16	3.prop.	36	http://digital.slub-dresden.de/en/workview/dlf/7154/50/0/			
Euc. 3.Prop.17	3.prop.	37	http://digital.slub-dresden.de/en/workview/dlf/7154/51/0/			
Euc. 3.Prop.18	3.prop.	37	http://digital.slub-dresden.de/en/workview/dlf/7154/51/0/			
Euc. 3.Prop.19	3.prop.	38	http://digital.slub-dresden.de/en/workview/dlf/7154/52/0/			
Euc. 3.Prop.20	3.prop.	38	http://digital.slub-dresden.de/en/workview/dlf/7154/52/0/			
Euc. 3.Prop.21	3.prop.	38	http://digital.slub-dresden.de/en/workview/dlf/7154/52/0/			
Euc. 3.Prop.22	3.prop.	39	http://digital.slub-dresden.de/en/workview/dlf/7154/53/0/			
Euc. 3.Prop.23	3.prop.	39	http://digital.slub-dresden.de/en/workview/dlf/7154/53/0/			
Euc. 3.Prop.24	3.prop.	39	http://digital.slub-dresden.de/en/workview/dlf/7154/53/0/			
Euc. 3.Prop.25	3.prop.	39	http://digital.slub-dresden.de/en/workview/dlf/7154/53/0/			
Euc. 3.Prop.26	3.prop.	40	http://digital.slub-dresden.de/en/workview/dlf/7154/54/0/			
Euc. 3.Prop.27	3.prop.	40	http://digital.slub-dresden.de/en/workview/dlf/7154/54/0/			
Euc. 3.Prop.28	3.prop.	41	http://digital.slub-dresden.de/en/workview/dlf/7154/55/0/			
Euc. 3.Prop.29	3.prop.	41	http://digital.slub-dresden.de/en/workview/dlf/7154/55/0/			
Euc. 3.Prop.30	3.prop.	41	http://digital.slub-dresden.de/en/workview/dlf/7154/55/0/			
Euc. 3.Prop.31	3.prop.	41	http://digital.slub-dresden.de/en/workview/dlf/7154/55/0/			
Euc. 3.Prop.32	3.prop.	42	http://digital.slub-dresden.de/en/workview/dlf/7154/56/0/			
Euc. 3.Prop.33	3.prop.	43	http://digital.slub-dresden.de/en/workview/dlf/7154/57/0/			
Euc. 3.Prop.34	3.prop.	44	http://digital.slub-dresden.de/en/workview/dlf/7154/58/0/			
Euc. 3.Prop.35	3.prop.	44	http://digital.slub-dresden.de/en/workview/dlf/7154/58/0/			
Euc. 3.Prop.36	3.prop.	44	http://digital.slub-dresden.de/en/workview/dlf/7154/58/0/			
Euc. 3.Prop.36	3.prop.	45	http://digital.slub-dresden.de/en/workview/dlf/7154/59/0/			
Euc. 3.Prop.37	3.prop.	45	http://digital.slub-dresden.de/en/workview/dlf/7154/59/0/			
Euc. 4.Prop.1	4.prop.	46	http://digital.slub-dresden.de/en/workview/dlf/7154/60/0/			
Euc. 4.Prop.2	4.prop.	47	http://digital.slub-dresden.de/en/workview/dlf/7154/61/0/			
Euc. 4.Prop.3	4.prop.	47	http://digital.slub-dresden.de/en/workview/dlf/7154/61/0/			
Euc. 4.Prop.4	4.prop.	47	http://digital.slub-dresden.de/en/workview/dlf/7154/61/0/			
Euc. 4.Prop.5	4.prop.	48	http://digital.slub-dresden.de/en/workview/dlf/7154/62/0/			
Euc. 4.Prop.6	4.prop.	48	http://digital.slub-dresden.de/en/workview/dlf/7154/62/0/			
Euc. 4.Prop.7	4.prop.	49	http://digital.slub-dresden.de/en/workview/dlf/7154/63/0/			
Euc. 4.Prop.8	4.prop.	49	http://digital.slub-dresden.de/en/workview/dlf/7154/63/0/			
Euc. 4.Prop.9	4.prop.	49	http://digital.slub-dresden.de/en/workview/dlf/7154/63/0/			
Euc. 4.Prop.10	4.prop.	50	http://digital.slub-dresden.de/en/workview/dlf/7154/64/0/			
Euc. 4.Prop.11	4.prop.	50	http://digital.slub-dresden.de/en/workview/dlf/7154/64/0/			
Euc. 4.Prop.12	4.prop.	51	http://digital.slub-dresden.de/en/workview/dlf/7154/65/0/			
Euc. 4.Prop.13	4.prop.	52	http://digital.slub-dresden.de/en/workview/dlf/7154/66/0/			
Euc. 4.Prop.14	4.prop.	52	http://digital.slub-dresden.de/en/workview/dlf/7154/66/0/			
Euc. 4.Prop.15	4.prop.	53	http://digital.slub-dresden.de/en/workview/dlf/7154/67/0/			
Euc. 4.Prop.16	4.prop.	53	http://digital.slub-dresden.de/en/workview/dlf/7154/67/0/			
Euc. 5.Prop.1	5.prop.	56	http://digital.slub-dresden.de/en/workview/dlf/7154/70/0/			
Euc. 5.Prop.2	5.prop.	56	http://digital.slub-dresden.de/en/workview/dlf/7154/70/0/			
Euc. 5.Prop.3	5.prop.	56	http://digital.slub-dresden.de/en/workview/dlf/7154/70/0/			
Euc. 5.Prop.4	5.prop.	57	http://digital.slub-dresden.de/en/workview/dlf/7154/71/0/			
Euc. 5.Prop.5	5.prop.	57	http://digital.slub-dresden.de/en/workview/dlf/7154/71/0/			
Euc. 5.Prop.6	5.prop.	68	http://digital.slub-dresden.de/en/workview/dlf/7154/72/0/			
Euc. 5.Prop.7	5.prop.	68	http://digital.slub-dresden.de/en/workview/dlf/7154/72/0/			
Euc. 5.Prop.8	5.prop.	69	http://digital.slub-dresden.de/en/workview/dlf/7154/73/0/			
Euc. 5.Prop.9	5.prop.	69	http://digital.slub-dresden.de/en/workview/dlf/7154/73/0/			
Euc. 5.Prop.10	5.prop.	70	http://digital.slub-dresden.de/en/workview/dlf/7154/74/0/			
Euc. 5.Prop.11	5.prop.	70	http://digital.slub-dresden.de/en/workview/dlf/7154/74/0/			
Euc. 5.Prop.12	5.prop.	70	http://digital.slub-dresden.de/en/workview/dlf/7154/74/0/			
Euc. 5.Prop.13	5.prop.	61	http://digital.slub-dresden.de/en/workview/dlf/7154/75/0/			
Euc. 5.Prop.14	5.prop.	61	http://digital.slub-dresden.de/en/workview/dlf/7154/75/0/			
Euc. 5.Prop.15	5.prop.	62	http://digital.slub-dresden.de/en/workview/dlf/7154/76/0/			
Euc. 5.Prop.16	5.prop.	62	http://digital.slub-dresden.de/en/workview/dlf/7154/76/0/			
Euc. 5.Prop.17	5.prop.	62	http://digital.slub-dresden.de/en/workview/dlf/7154/76/0/			
Euc. 5.Prop.18	5.prop.	63	http://digital.slub-dresden.de/en/workview/dlf/7154/77/0/			
Euc. 5.Prop.19	5.prop.	63	http://digital.slub-dresden.de/en/workview/dlf/7154/77/0/			
Euc. 5.Prop.20	5.prop.	64	http://digital.slub-dresden.de/en/workview/dlf/7154/78/0/			
Euc. 5.Prop.21	5.prop.	64	http://digital.slub-dresden.de/en/workview/dlf/7154/78/0/			
Euc. 5.Prop.22	5.prop.	64	http://digital.slub-dresden.de/en/workview/dlf/7154/78/0/			
Euc. 5.Prop.23	5.prop.	95	http://digital.slub-dresden.de/en/workview/dlf/7154/79/0/			
Euc. 5.Prop.24	5.prop.	66	http://digital.slub-dresden.de/en/workview/dlf/7154/80/0/			
Euc. 5.Prop.25	5.prop.	66	http://digital.slub-dresden.de/en/workview/dlf/7154/80/0/			
Euc. 6.Prop.1	6.prop.	68	http://digital.slub-dresden.de/en/workview/dlf/7154/82/0/			
Euc. 6.Prop.2	6.prop.	69	http://digital.slub-dresden.de/en/workview/dlf/7154/83/0/			
Euc. 6.Prop.3	6.prop.	70	http://digital.slub-dresden.de/en/workview/dlf/7154/84/0/			
Euc. 6.Prop.4	6.prop.	70	http://digital.slub-dresden.de/en/workview/dlf/7154/84/0/			
Euc. 6.Prop.5	6.prop.	71	http://digital.slub-dresden.de/en/workview/dlf/7154/85/0/			
Euc. 6.Prop.6	6.prop.	71	http://digital.slub-dresden.de/en/workview/dlf/7154/85/0/			
Euc. 6.Prop.7	6.prop.	72	http://digital.slub-dresden.de/en/workview/dlf/7154/86/0/			
Euc. 6.Prop.8	6.prop.	73	http://digital.slub-dresden.de/en/workview/dlf/7154/87/0/			
Euc. 6.Prop.9	6.prop.	73	http://digital.slub-dresden.de/en/workview/dlf/7154/87/0/			
Euc. 6.Prop.10	6.prop.	73	http://digital.slub-dresden.de/en/workview/dlf/7154/87/0/			
Euc. 6.Prop.11	6.prop.	74	http://digital.slub-dresden.de/en/workview/dlf/7154/88/0/			
Euc. 6.Prop.12	6.prop.	74	http://digital.slub-dresden.de/en/workview/dlf/7154/88/0/			
Euc. 6.Prop.13	6.prop.	74	http://digital.slub-dresden.de/en/workview/dlf/7154/88/0/			
Euc. 6.Prop.14	6.prop.	74	http://digital.slub-dresden.de/en/workview/dlf/7154/88/0/			
Euc. 6.Prop.14	6.prop.	75	http://digital.slub-dresden.de/en/workview/dlf/7154/89/0/			
Euc. 6.Prop.15	6.prop.	75	http://digital.slub-dresden.de/en/workview/dlf/7154/89/0/			
Euc. 6.Prop.16	6.prop.	75	http://digital.slub-dresden.de/en/workview/dlf/7154/89/0/			
Euc. 6.Prop.16	6.prop.	76	http://digital.slub-dresden.de/en/workview/dlf/7154/90/0/			
Euc. 6.Prop.17	6.prop.	76	http://digital.slub-dresden.de/en/workview/dlf/7154/90/0/			
Euc. 6.Prop.18	6.prop.	77	http://digital.slub-dresden.de/en/workview/dlf/7154/91/0/			
Euc. 6.Prop.19	6.prop.	77	http://digital.slub-dresden.de/en/workview/dlf/7154/91/0/			
Euc. 6.Prop.20	6.prop.	78	http://digital.slub-dresden.de/en/workview/dlf/7154/92/0/			
Euc. 6.Prop.21	6.prop.	79	http://digital.slub-dresden.de/en/workview/dlf/7154/93/0/			
Euc. 6.Prop.22	6.prop.	80	http://digital.slub-dresden.de/en/workview/dlf/7154/94/0/			
Euc. 6.Prop.23	6.prop.	80	http://digital.slub-dresden.de/en/workview/dlf/7154/94/0/			
Euc. 6.Prop.24	6.prop.	81	http://digital.slub-dresden.de/en/workview/dlf/7154/95/0/			
Euc. 6.Prop.25	6.prop.	82	http://digital.slub-dresden.de/en/workview/dlf/7154/96/0/			
Euc. 6.Prop.26	6.prop.	82	http://digital.slub-dresden.de/en/workview/dlf/7154/96/0/			
Euc. 6.Prop.27	6.prop.	82	http://digital.slub-dresden.de/en/workview/dlf/7154/96/0/			
Euc. 6.Prop.28	6.prop.	83	http://digital.slub-dresden.de/en/workview/dlf/7154/97/0/			
Euc. 6.Prop.29	6.prop.	84	http://digital.slub-dresden.de/en/workview/dlf/7154/98/0/			
Euc. 6.Prop.30	6.prop.	85	http://digital.slub-dresden.de/en/workview/dlf/7154/99/0/			
Euc. 6.Prop.31	6.prop.	85	http://digital.slub-dresden.de/en/workview/dlf/7154/99/0/			
Euc. 6.Prop.32	6.prop.	86	http://digital.slub-dresden.de/en/workview/dlf/7154/100/0/			
Euc. 6.Prop.33	6.prop.	86	http://digital.slub-dresden.de/en/workview/dlf/7154/100/0/			
Euc. 7.Prop.1	7.prop.	88	http://digital.slub-dresden.de/en/workview/dlf/7154/102/0/			
Euc. 7.Prop.2	7.prop.	89	http://digital.slub-dresden.de/en/workview/dlf/7154/103/0/			
Euc. 7.Prop.3	7.prop.	89	http://digital.slub-dresden.de/en/workview/dlf/7154/103/0/			
Euc. 7.Prop.4	7.prop.	90	http://digital.slub-dresden.de/en/workview/dlf/7154/104/0/			
Euc. 7.Prop.5	7.prop.	90	http://digital.slub-dresden.de/en/workview/dlf/7154/104/0/			
Euc. 7.Prop.6	7.prop.	91	http://digital.slub-dresden.de/en/workview/dlf/7154/105/0/			
Euc. 7.Prop.7	7.prop.	91	http://digital.slub-dresden.de/en/workview/dlf/7154/105/0/			
Euc. 7.Prop.8	7.prop.	91	http://digital.slub-dresden.de/en/workview/dlf/7154/105/0/			
Euc. 7.Prop.9	7.prop.	92	http://digital.slub-dresden.de/en/workview/dlf/7154/106/0/			
Euc. 7.Prop.10	7.prop.	92	http://digital.slub-dresden.de/en/workview/dlf/7154/106/0/			
Euc. 7.Prop.11	7.prop.	93	http://digital.slub-dresden.de/en/workview/dlf/7154/107/0/			
Euc. 7.Prop.12	7.prop.	93	http://digital.slub-dresden.de/en/workview/dlf/7154/107/0/			
Euc. 7.Prop.13	7.prop.	93	http://digital.slub-dresden.de/en/workview/dlf/7154/107/0/			
Euc. 7.Prop.14	7.prop.	93	http://digital.slub-dresden.de/en/workview/dlf/7154/107/0/			
Euc. 7.Prop.15	7.prop.	93	http://digital.slub-dresden.de/en/workview/dlf/7154/107/0/			
Euc. 7.Prop.15	7.prop.	94	http://digital.slub-dresden.de/en/workview/dlf/7154/108/0/			
Euc. 7.Prop.16	7.prop.	94	http://digital.slub-dresden.de/en/workview/dlf/7154/108/0/			
Euc. 7.Prop.17	7.prop.	94	http://digital.slub-dresden.de/en/workview/dlf/7154/108/0/			
Euc. 7.Prop.18	7.prop.	94	http://digital.slub-dresden.de/en/workview/dlf/7154/108/0/			
Euc. 7.Prop.19	7.prop.	95	http://digital.slub-dresden.de/en/workview/dlf/7154/109/0/			
	7.prop.	95	http://digital.slub-dresden.de/en/workview/dlf/7154/109/0/			
Euc. 7.Prop.20	7.prop.	96	http://digital.slub-dresden.de/en/workview/dlf/7154/110/0/			
	7.prop.	96	http://digital.slub-dresden.de/en/workview/dlf/7154/110/0/			
Euc. 7.Prop.21	7.prop.	96	http://digital.slub-dresden.de/en/workview/dlf/7154/110/0/			
Euc. 7.Prop.22	7.prop.	97	http://digital.slub-dresden.de/en/workview/dlf/7154/111/0/			
Euc. 7.Prop.23	7.prop.	97	http://digital.slub-dresden.de/en/workview/dlf/7154/111/0/			
Euc. 7.Prop.24	7.prop.	97	http://digital.slub-dresden.de/en/workview/dlf/7154/111/0/			
Euc. 7.Prop.25	7.prop.	98	http://digital.slub-dresden.de/en/workview/dlf/7154/112/0/			
Euc. 7.Prop.26	7.prop.	98	http://digital.slub-dresden.de/en/workview/dlf/7154/112/0/			
Euc. 7.Prop.27	7.prop.	98	http://digital.slub-dresden.de/en/workview/dlf/7154/112/0/			
Euc. 7.Prop.28	7.prop.	98	http://digital.slub-dresden.de/en/workview/dlf/7154/112/0/			
Euc. 7.Prop.28	7.prop.	99	http://digital.slub-dresden.de/en/workview/dlf/7154/113/0/			
Euc. 7.Prop.29	7.prop.	99	http://digital.slub-dresden.de/en/workview/dlf/7154/113/0/			
Euc. 7.Prop.30	7.prop.	99	http://digital.slub-dresden.de/en/workview/dlf/7154/113/0/			
Euc. 7.Prop.31	7.prop.	99	http://digital.slub-dresden.de/en/workview/dlf/7154/113/0/			
Euc. 7.Prop.32	7.prop.	110	http://digital.slub-dresden.de/en/workview/dlf/7154/114/0/			
Euc. 7.Prop.33	7.prop.	110	http://digital.slub-dresden.de/en/workview/dlf/7154/114/0/			
Euc. 7.Prop.34	7.prop.	101	http://digital.slub-dresden.de/en/workview/dlf/7154/115/0/			
Euc. 7.Prop.35	7.prop.	101	http://digital.slub-dresden.de/en/workview/dlf/7154/115/0/			
Euc. 7.Prop.36	7.prop.	102	http://digital.slub-dresden.de/en/workview/dlf/7154/116/0/			
Euc. 7.Prop.37	7.prop.	102	http://digital.slub-dresden.de/en/workview/dlf/7154/116/0/			
Euc. 7.Prop.38	7.prop.	102	http://digital.slub-dresden.de/en/workview/dlf/7154/116/0/			
Euc. 7.Prop.39	7.prop.	103	http://digital.slub-dresden.de/en/workview/dlf/7154/117/0/			
Euc. 8.Prop.1	8.prop.	103	http://digital.slub-dresden.de/en/workview/dlf/7154/117/0/			
Euc. 8.Prop.2	8.prop.	103	http://digital.slub-dresden.de/en/workview/dlf/7154/117/0/			
Euc. 8.Prop.3	8.prop.	104	http://digital.slub-dresden.de/en/workview/dlf/7154/118/0/			
Euc. 8.Prop.4	8.prop.	105	http://digital.slub-dresden.de/en/workview/dlf/7154/119/0/			
Euc. 8.Prop.5	8.prop.	106	http://digital.slub-dresden.de/en/workview/dlf/7154/120/0/			
Euc. 8.Prop.6	8.prop.	106	http://digital.slub-dresden.de/en/workview/dlf/7154/120/0/			
Euc. 8.Prop.7	8.prop.	107	http://digital.slub-dresden.de/en/workview/dlf/7154/121/0/			
Euc. 8.Prop.8	8.prop.	107	http://digital.slub-dresden.de/en/workview/dlf/7154/121/0/			
Euc. 8.Prop.9	8.prop.	108	http://digital.slub-dresden.de/en/workview/dlf/7154/122/0/			
Euc. 8.Prop.10	8.prop.	108	http://digital.slub-dresden.de/en/workview/dlf/7154/122/0/			
Euc. 8.Prop.10	8.prop.	109	http://digital.slub-dresden.de/en/workview/dlf/7154/123/0/			
Euc. 8.Prop.11	8.prop.	109	http://digital.slub-dresden.de/en/workview/dlf/7154/123/0/			
Euc. 8.Prop.12	8.prop.	110	http://digital.slub-dresden.de/en/workview/dlf/7154/124/0/			
Euc. 8.Prop.13	8.prop.	110	http://digital.slub-dresden.de/en/workview/dlf/7154/124/0/			
Euc. 8.Prop.14	8.prop.	111	http://digital.slub-dresden.de/en/workview/dlf/7154/125/0/			
Euc. 8.Prop.15	8.prop.	111	http://digital.slub-dresden.de/en/workview/dlf/7154/125/0/			
Euc. 8.Prop.16	8.prop.	112	http://digital.slub-dresden.de/en/workview/dlf/7154/126/0/			
Euc. 8.Prop.17	8.prop.	112	http://digital.slub-dresden.de/en/workview/dlf/7154/126/0/			
Euc. 8.Prop.18	8.prop.	112	http://digital.slub-dresden.de/en/workview/dlf/7154/126/0/			
Euc. 8.Prop.19	8.prop.	113	http://digital.slub-dresden.de/en/workview/dlf/7154/127/0/			
Euc. 8.Prop.20	8.prop.	114	http://digital.slub-dresden.de/en/workview/dlf/7154/128/0/			
Euc. 8.Prop.21	8.prop.	114	http://digital.slub-dresden.de/en/workview/dlf/7154/128/0/			
Euc. 8.Prop.22	8.prop.	115	http://digital.slub-dresden.de/en/workview/dlf/7154/129/0/			
Euc. 8.Prop.23	8.prop.	115	http://digital.slub-dresden.de/en/workview/dlf/7154/129/0/			
Euc. 8.Prop.24	8.prop.	115	http://digital.slub-dresden.de/en/workview/dlf/7154/129/0/			
Euc. 8.Prop.25	8.prop.	116	http://digital.slub-dresden.de/en/workview/dlf/7154/130/0/			
Euc. 8.Prop.26	8.prop.	116	http://digital.slub-dresden.de/en/workview/dlf/7154/130/0/			
Euc. 8.Prop.27	8.prop.	116	http://digital.slub-dresden.de/en/workview/dlf/7154/130/0/			
Euc. 9.Prop.1	9.prop.	117	http://digital.slub-dresden.de/en/workview/dlf/7154/131/0/			
Euc. 9.Prop.2	9.prop.	117	http://digital.slub-dresden.de/en/workview/dlf/7154/131/0/			
Euc. 9.Prop.3	9.prop.	117	http://digital.slub-dresden.de/en/workview/dlf/7154/131/0/			
Euc. 9.Prop.4	9.prop.	118	http://digital.slub-dresden.de/en/workview/dlf/7154/132/0/			
Euc. 9.Prop.5	9.prop.	118	http://digital.slub-dresden.de/en/workview/dlf/7154/132/0/			
Euc. 9.Prop.6	9.prop.	118	http://digital.slub-dresden.de/en/workview/dlf/7154/132/0/			
Euc. 9.Prop.7	9.prop.	118	http://digital.slub-dresden.de/en/workview/dlf/7154/132/0/			
Euc. 9.Prop.8	9.prop.	119	http://digital.slub-dresden.de/en/workview/dlf/7154/133/0/			
Euc. 9.Prop.9	9.prop.	119	http://digital.slub-dresden.de/en/workview/dlf/7154/133/0/			
Euc. 9.Prop.10	9.prop.	120	http://digital.slub-dresden.de/en/workview/dlf/7154/134/0/			
Euc. 9.Prop.11	9.prop.	120	http://digital.slub-dresden.de/en/workview/dlf/7154/134/0/			
Euc. 9.Prop.12	9.prop.	121	http://digital.slub-dresden.de/en/workview/dlf/7154/135/0/			
Euc. 9.Prop.13	9.prop.	121	http://digital.slub-dresden.de/en/workview/dlf/7154/135/0/			
Euc. 9.Prop.14	9.prop.	122	http://digital.slub-dresden.de/en/workview/dlf/7154/136/0/			
Euc. 9.Prop.15	9.prop.	123	http://digital.slub-dresden.de/en/workview/dlf/7154/137/0/			
Euc. 9.Prop.16	9.prop.	123	http://digital.slub-dresden.de/en/workview/dlf/7154/137/0/			
Euc. 9.Prop.17	9.prop.	124	http://digital.slub-dresden.de/en/workview/dlf/7154/138/0/			
Euc. 9.Prop.18	9.prop.	124	http://digital.slub-dresden.de/en/workview/dlf/7154/138/0/			
Euc. 9.Prop.19	9.prop.	124	http://digital.slub-dresden.de/en/workview/dlf/7154/138/0/			
Euc. 9.Prop.20	9.prop.	125	http://digital.slub-dresden.de/en/workview/dlf/7154/139/0/			
Euc. 9.Prop.21	9.prop.	126	http://digital.slub-dresden.de/en/workview/dlf/7154/140/0/			
Euc. 9.Prop.22	9.prop.	126	http://digital.slub-dresden.de/en/workview/dlf/7154/140/0/			
Euc. 9.Prop.23	9.prop.	126	http://digital.slub-dresden.de/en/workview/dlf/7154/140/0/			
Euc. 9.Prop.24	9.prop.	126	http://digital.slub-dresden.de/en/workview/dlf/7154/140/0/			
Euc. 9.Prop.25	9.prop.	126	http://digital.slub-dresden.de/en/workview/dlf/7154/140/0/			
Euc. 9.Prop.26	9.prop.	126	http://digital.slub-dresden.de/en/workview/dlf/7154/140/0/			
Euc. 9.Prop.27	9.prop.	126	http://digital.slub-dresden.de/en/workview/dlf/7154/140/0/			
Euc. 9.Prop.28	9.prop.	127	http://digital.slub-dresden.de/en/workview/dlf/7154/141/0/			
Euc. 9.Prop.29	9.prop.	127	http://digital.slub-dresden.de/en/workview/dlf/7154/141/0/			
Euc. 9.Prop.30	9.prop.	127	http://digital.slub-dresden.de/en/workview/dlf/7154/141/0/			
Euc. 9.Prop.31	9.prop.	127	http://digital.slub-dresden.de/en/workview/dlf/7154/141/0/			
Euc. 9.Prop.32	9.prop.	127	http://digital.slub-dresden.de/en/workview/dlf/7154/141/0/			
Euc. 9.Prop.33	9.prop.	128	http://digital.slub-dresden.de/en/workview/dlf/7154/142/0/			
Euc. 9.Prop.34	9.prop.	128	http://digital.slub-dresden.de/en/workview/dlf/7154/142/0/			
Euc. 9.Prop.35	9.prop.	128	http://digital.slub-dresden.de/en/workview/dlf/7154/142/0/			
Euc. 9.Prop.36	9.prop.	128	http://digital.slub-dresden.de/en/workview/dlf/7154/142/0/			
Euc. 10.Prop 1.1	10.prop.	130	http://digital.slub-dresden.de/en/workview/dlf/7154/144/0/			
Euc. 10.Prop 1.2	10.prop.	131	http://digital.slub-dresden.de/en/workview/dlf/7154/145/0/			
Euc. 10.Prop 1.3	10.prop.	131	http://digital.slub-dresden.de/en/workview/dlf/7154/145/0/			
Euc. 10.Prop 1.4	10.prop.	132	http://digital.slub-dresden.de/en/workview/dlf/7154/146/0/			
Euc. 10.Prop 1.5	10.prop.	132	http://digital.slub-dresden.de/en/workview/dlf/7154/146/0/			
	10.prop.	133	http://digital.slub-dresden.de/en/workview/dlf/7154/147/0/			
Euc. 10.Prop 1.7	10.prop.	133	http://digital.slub-dresden.de/en/workview/dlf/7154/147/0/			
Euc. 10.Prop 1.8	10.prop.	134	http://digital.slub-dresden.de/en/workview/dlf/7154/148/0/			
Euc. 10.Prop 1.9	10.prop.	134	http://digital.slub-dresden.de/en/workview/dlf/7154/148/0/			
Euc. 10.Prop 1.10	10.prop.	136	http://digital.slub-dresden.de/en/workview/dlf/7154/150/0/			
Euc. 10.Prop 1.11	10.prop.	136	http://digital.slub-dresden.de/en/workview/dlf/7154/150/0/			
Euc. 10.Prop 1.12	10.prop.	137	http://digital.slub-dresden.de/en/workview/dlf/7154/151/0/			
	10.prop.	137	http://digital.slub-dresden.de/en/workview/dlf/7154/151/0/			
Euc. 10.Prop 1.13	10.prop.	137	http://digital.slub-dresden.de/en/workview/dlf/7154/151/0/			
Euc. 10.Prop 1.14	10.prop.	138	http://digital.slub-dresden.de/en/workview/dlf/7154/152/0/			
Euc. 10.Prop 1.15	10.prop.	138	http://digital.slub-dresden.de/en/workview/dlf/7154/152/0/			
Euc. 10.Prop 1.16	10.prop.	138	http://digital.slub-dresden.de/en/workview/dlf/7154/152/0/			
Euc. 10.Prop 1.17	10.prop.	139	http://digital.slub-dresden.de/en/workview/dlf/7154/153/0/			
Euc. 10.Prop 1.18	10.prop.	140	http://digital.slub-dresden.de/en/workview/dlf/7154/154/0/			
Euc. 10.Prop 1.19	10.prop.	141	http://digital.slub-dresden.de/en/workview/dlf/7154/155/0/			
Euc. 10.Prop 1.20	10.prop.	141	http://digital.slub-dresden.de/en/workview/dlf/7154/155/0/			
Euc. 10.Prop 1.21	10.prop.	141	http://digital.slub-dresden.de/en/workview/dlf/7154/155/0/			
Euc. 10.Prop 1.22	10.prop.	142	http://digital.slub-dresden.de/en/workview/dlf/7154/156/0/			
Euc. 10.Prop 1.23	10.prop.	142	http://digital.slub-dresden.de/en/workview/dlf/7154/156/0/			
Euc. 10.Prop 1.24	10.prop.	143	http://digital.slub-dresden.de/en/workview/dlf/7154/157/0/			
Euc. 10.Prop 1.25	10.prop.	143	http://digital.slub-dresden.de/en/workview/dlf/7154/157/0/			
Euc. 10.Prop 1.26	10.prop.	144	http://digital.slub-dresden.de/en/workview/dlf/7154/158/0/			
	10.prop.	144	http://digital.slub-dresden.de/en/workview/dlf/7154/158/0/			
Euc. 10.Prop 1.27	10.prop.	145	http://digital.slub-dresden.de/en/workview/dlf/7154/159/0/			
Euc. 10.Prop 1.28	10.prop.	145	http://digital.slub-dresden.de/en/workview/dlf/7154/159/0/			
Euc. 10.Prop 1.29	10.prop.	146	http://digital.slub-dresden.de/en/workview/dlf/7154/160/0/			
Euc. 10.Prop 1.30	10.prop.	147	http://digital.slub-dresden.de/en/workview/dlf/7154/161/0/			
Euc. 10.Prop 1.31	10.prop.	147	http://digital.slub-dresden.de/en/workview/dlf/7154/161/0/			
Euc. 10.Prop 1.32	10.prop.	148	http://digital.slub-dresden.de/en/workview/dlf/7154/162/0/			
Euc. 10.Prop 1.33	10.prop.	149	http://digital.slub-dresden.de/en/workview/dlf/7154/163/0/			
Euc. 10.Prop 1.34	10.prop.	150	http://digital.slub-dresden.de/en/workview/dlf/7154/164/0/			
Euc. 10.Prop 1.35	10.prop.	150	http://digital.slub-dresden.de/en/workview/dlf/7154/164/0/			
Euc. 10.Prop 1.36	10.prop.	151	http://digital.slub-dresden.de/en/workview/dlf/7154/165/0/			
Euc. 10.Prop 1.37	10.prop.	151	http://digital.slub-dresden.de/en/workview/dlf/7154/165/0/			
Euc. 10.Prop 1.38	10.prop.	151	http://digital.slub-dresden.de/en/workview/dlf/7154/165/0/			
Euc. 10.Prop 1.39	10.prop.	152	http://digital.slub-dresden.de/en/workview/dlf/7154/166/0/			
Euc. 10.Prop 1.40	10.prop.	152	http://digital.slub-dresden.de/en/workview/dlf/7154/166/0/			
Euc. 10.Prop 1.41	10.prop.	153	http://digital.slub-dresden.de/en/workview/dlf/7154/167/0/			
Euc. 10.Prop 1.42	10.prop.	153	http://digital.slub-dresden.de/en/workview/dlf/7154/167/0/			
Euc. 10.Prop 1.43	10.prop.	154	http://digital.slub-dresden.de/en/workview/dlf/7154/168/0/			
Euc. 10.Prop 1.44	10.prop.	154	http://digital.slub-dresden.de/en/workview/dlf/7154/168/0/			
Euc. 10.Prop 1.45	10.prop.	155	http://digital.slub-dresden.de/en/workview/dlf/7154/169/0/			
Euc. 10.Prop 1.46	10.prop.	155	http://digital.slub-dresden.de/en/workview/dlf/7154/169/0/			
Euc. 10.Prop 1.47	10.prop.	155	http://digital.slub-dresden.de/en/workview/dlf/7154/169/0/			
Euc. 10.Prop 2.48	10.prop.	156	http://digital.slub-dresden.de/en/workview/dlf/7154/170/0/			
Euc. 10.Prop 2.49	10.prop.	156	http://digital.slub-dresden.de/en/workview/dlf/7154/170/0/			
Euc. 10.Prop 2.50	10.prop.	157	http://digital.slub-dresden.de/en/workview/dlf/7154/171/0/			
Euc. 10.Prop 2.51	10.prop.	158	http://digital.slub-dresden.de/en/workview/dlf/7154/172/0/			
Euc. 10.Prop 2.52	10.prop.	158	http://digital.slub-dresden.de/en/workview/dlf/7154/172/0/			
Euc. 10.Prop 2.53	10.prop.	158	http://digital.slub-dresden.de/en/workview/dlf/7154/172/0/			
Euc. 10.Prop 2.54	10.prop.	159	http://digital.slub-dresden.de/en/workview/dlf/7154/173/0/			
Euc. 10.Prop 2.55	10.prop.	160	http://digital.slub-dresden.de/en/workview/dlf/7154/174/0/			
Euc. 10.Prop 2.56	10.prop.	161	http://digital.slub-dresden.de/en/workview/dlf/7154/175/0/			
Euc. 10.Prop 2.57	10.prop.	161	http://digital.slub-dresden.de/en/workview/dlf/7154/175/0/			
Euc. 10.Prop 2.58	10.prop.	162	http://digital.slub-dresden.de/en/workview/dlf/7154/176/0/			
Euc. 10.Prop 2.59	10.prop.	162	http://digital.slub-dresden.de/en/workview/dlf/7154/176/0/			
Euc. 10.Prop 2.60	10.prop.	163	http://digital.slub-dresden.de/en/workview/dlf/7154/177/0/			
Euc. 10.Prop 2.61	10.prop.	164	http://digital.slub-dresden.de/en/workview/dlf/7154/178/0/			
Euc. 10.Prop 2.62	10.prop.	164	http://digital.slub-dresden.de/en/workview/dlf/7154/178/0/			
Euc. 10.Prop 2.63	10.prop.	165	http://digital.slub-dresden.de/en/workview/dlf/7154/179/0/			
Euc. 10.Prop 2.64	10.prop.	165	http://digital.slub-dresden.de/en/workview/dlf/7154/179/0/			
Euc. 10.Prop 2.65	10.prop.	166	http://digital.slub-dresden.de/en/workview/dlf/7154/180/0/			
Euc. 10.Prop 2.66	10.prop.	166	http://digital.slub-dresden.de/en/workview/dlf/7154/180/0/			
Euc. 10.Prop 2.67	10.prop.	167	http://digital.slub-dresden.de/en/workview/dlf/7154/181/0/			
Euc. 10.Prop 2.68	10.prop.	167	http://digital.slub-dresden.de/en/workview/dlf/7154/181/0/			
Euc. 10.Prop 2.69	10.prop.	168	http://digital.slub-dresden.de/en/workview/dlf/7154/182/0/			
Euc. 10.Prop 2.70	10.prop.	168	http://digital.slub-dresden.de/en/workview/dlf/7154/182/0/			
Euc. 10.Prop 2.71	10.prop.	168	http://digital.slub-dresden.de/en/workview/dlf/7154/182/0/			
Euc. 10.Prop 2.72	10.prop.	169	http://digital.slub-dresden.de/en/workview/dlf/7154/183/0/			
Euc. 10.Prop 2.73	10.prop.	170	http://digital.slub-dresden.de/en/workview/dlf/7154/184/0/			
Euc. 10.Prop 2.74	10.prop.	170	http://digital.slub-dresden.de/en/workview/dlf/7154/184/0/			
Euc. 10.Prop 2.74	10.prop.	171	http://digital.slub-dresden.de/en/workview/dlf/7154/185/0/			
Euc. 10.Prop 2.75	10.prop.	171	http://digital.slub-dresden.de/en/workview/dlf/7154/185/0/			
Euc. 10.Prop 2.76	10.prop.	171	http://digital.slub-dresden.de/en/workview/dlf/7154/185/0/			
Euc. 10.Prop 2.77	10.prop.	171	http://digital.slub-dresden.de/en/workview/dlf/7154/185/0/			
Euc. 10.Prop 2.77	10.prop.	172	http://digital.slub-dresden.de/en/workview/dlf/7154/186/0/			
Euc. 10.Prop 2.78	10.prop.	172	http://digital.slub-dresden.de/en/workview/dlf/7154/186/0/			
Euc. 10.Prop 2.79	10.prop.	172	http://digital.slub-dresden.de/en/workview/dlf/7154/186/0/			
Euc. 10.Prop 2.80	10.prop.	173	http://digital.slub-dresden.de/en/workview/dlf/7154/187/0/			
Euc. 10.Prop 2.81	10.prop.	173	http://digital.slub-dresden.de/en/workview/dlf/7154/187/0/			
Euc. 10.Prop 2.82	10.prop.	174	http://digital.slub-dresden.de/en/workview/dlf/7154/188/0/			
Euc. 10.Prop 2.83	10.prop.	174	http://digital.slub-dresden.de/en/workview/dlf/7154/188/0/			
Euc. 10.Prop 2.84	10.prop.	174	http://digital.slub-dresden.de/en/workview/dlf/7154/188/0/			
Euc. 10.Prop 3.85	10.prop.	175	http://digital.slub-dresden.de/en/workview/dlf/7154/189/0/			
Euc. 10.Prop 3.86	10.prop.	176	http://digital.slub-dresden.de/en/workview/dlf/7154/190/0/			
Euc. 10.Prop 3.87	10.prop.	176	http://digital.slub-dresden.de/en/workview/dlf/7154/190/0/			
Euc. 10.Prop 3.88	10.prop.	177	http://digital.slub-dresden.de/en/workview/dlf/7154/191/0/			
Euc. 10.Prop 3.89	10.prop.	177	http://digital.slub-dresden.de/en/workview/dlf/7154/191/0/			
Euc. 10.Prop 3.90	10.prop.	177	http://digital.slub-dresden.de/en/workview/dlf/7154/191/0/			
Euc. 10.Prop 3.91	10.prop.	178	http://digital.slub-dresden.de/en/workview/dlf/7154/192/0/			
Euc. 10.Prop 3.92	10.prop.	179	http://digital.slub-dresden.de/en/workview/dlf/7154/193/0/			
Euc. 10.Prop 3.93	10.prop.	180	http://digital.slub-dresden.de/en/workview/dlf/7154/194/0/			
Euc. 10.Prop 3.94	10.prop.	181	http://digital.slub-dresden.de/en/workview/dlf/7154/195/0/			
Euc. 10.Prop 3.95	10.prop.	182	http://digital.slub-dresden.de/en/workview/dlf/7154/196/0/			
Euc. 10.Prop 3.96	10.prop.	182	http://digital.slub-dresden.de/en/workview/dlf/7154/196/0/			
Euc. 10.Prop 3.97	10.prop.	183	http://digital.slub-dresden.de/en/workview/dlf/7154/197/0/			
Euc. 10.Prop 3.98	10.prop.	184	http://digital.slub-dresden.de/en/workview/dlf/7154/198/0/			
Euc. 10.Prop 3.99	10.prop.	184	http://digital.slub-dresden.de/en/workview/dlf/7154/198/0/			
Euc. 10.Prop 3.100	10.prop.	185	http://digital.slub-dresden.de/en/workview/dlf/7154/199/0/			
Euc. 10.Prop 3.101	10.prop.	186	http://digital.slub-dresden.de/en/workview/dlf/7154/200/0/			
Euc. 10.Prop 3.102	10.prop.	187	http://digital.slub-dresden.de/en/workview/dlf/7154/201/0/			
Euc. 10.Prop 3.103	10.prop.	187	http://digital.slub-dresden.de/en/workview/dlf/7154/201/0/			
Euc. 10.Prop 3.104	10.prop.	188	http://digital.slub-dresden.de/en/workview/dlf/7154/202/0/			
Euc. 10.Prop 3.105	10.prop.	188	http://digital.slub-dresden.de/en/workview/dlf/7154/202/0/			
Euc. 10.Prop 3.106	10.prop.	189	http://digital.slub-dresden.de/en/workview/dlf/7154/203/0/			
Euc. 10.Prop 3.107	10.prop.	189	http://digital.slub-dresden.de/en/workview/dlf/7154/203/0/			
Euc. 10.Prop 3.108	10.prop.	189	http://digital.slub-dresden.de/en/workview/dlf/7154/203/0/			
Euc. 10.Prop 3.109	10.prop.	190	http://digital.slub-dresden.de/en/workview/dlf/7154/204/0/			
Euc. 10.Prop 3.110	10.prop.	190	http://digital.slub-dresden.de/en/workview/dlf/7154/204/0/			
Euc. 10.Prop 3.111	10.prop.	191	http://digital.slub-dresden.de/en/workview/dlf/7154/205/0/			
Euc. 10.Prop 3.112	10.prop.	191	http://digital.slub-dresden.de/en/workview/dlf/7154/205/0/			
Euc. 10.Prop 3.112	10.prop.	192	http://digital.slub-dresden.de/en/workview/dlf/7154/206/0/			
Euc. 10.Prop 3.113	10.prop.	192	http://digital.slub-dresden.de/en/workview/dlf/7154/206/0/			
Euc. 10.Prop 3.114	10.prop.	193	http://digital.slub-dresden.de/en/workview/dlf/7154/207/0/			
Euc. 10.Prop 3.115	10.prop.	193	http://digital.slub-dresden.de/en/workview/dlf/7154/207/0/			
	10.prop.	194	http://digital.slub-dresden.de/en/workview/dlf/7154/208/0/			
	10.prop.	194	http://digital.slub-dresden.de/en/workview/dlf/7154/208/0/			
	10.prop.	195	http://digital.slub-dresden.de/en/workview/dlf/7154/209/0/			
Euc. 11.Prop.1	11.prop.	197	http://digital.slub-dresden.de/en/workview/dlf/7154/211/0/			
Euc. 11.Prop.2	11.prop.	198	http://digital.slub-dresden.de/en/workview/dlf/7154/212/0/			
Euc. 11.Prop.3	11.prop.	198	http://digital.slub-dresden.de/en/workview/dlf/7154/212/0/			
Euc. 11.Prop.4	11.prop.	198	http://digital.slub-dresden.de/en/workview/dlf/7154/212/0/			
Euc. 11.Prop.5	11.prop.	199	http://digital.slub-dresden.de/en/workview/dlf/7154/213/0/			
Euc. 11.Prop.6	11.prop.	199	http://digital.slub-dresden.de/en/workview/dlf/7154/213/0/			
Euc. 11.Prop.7	11.prop.	200	http://digital.slub-dresden.de/en/workview/dlf/7154/214/0/			
Euc. 11.Prop.8	11.prop.	200	http://digital.slub-dresden.de/en/workview/dlf/7154/214/0/			
Euc. 11.Prop.9	11.prop.	200	http://digital.slub-dresden.de/en/workview/dlf/7154/214/0/			
Euc. 11.Prop.10	11.prop.	101	http://digital.slub-dresden.de/en/workview/dlf/7154/215/0/			
Euc. 11.Prop.11	11.prop.	101	http://digital.slub-dresden.de/en/workview/dlf/7154/215/0/			
Euc. 11.Prop.12	11.prop.	102	http://digital.slub-dresden.de/en/workview/dlf/7154/216/0/			
Euc. 11.Prop.13	11.prop.	102	http://digital.slub-dresden.de/en/workview/dlf/7154/216/0/			
Euc. 11.Prop.14	11.prop.	102	http://digital.slub-dresden.de/en/workview/dlf/7154/216/0/			
Euc. 11.Prop.15	11.prop.	102	http://digital.slub-dresden.de/en/workview/dlf/7154/216/0/			
Euc. 11.Prop.16	11.prop.	203	http://digital.slub-dresden.de/en/workview/dlf/7154/217/0/			
Euc. 11.Prop.17	11.prop.	203	http://digital.slub-dresden.de/en/workview/dlf/7154/217/0/			
Euc. 11.Prop.18	11.prop.	204	http://digital.slub-dresden.de/en/workview/dlf/7154/218/0/			
Euc. 11.Prop.19	11.prop.	204	http://digital.slub-dresden.de/en/workview/dlf/7154/218/0/			
Euc. 11.Prop.20	11.prop.	204	http://digital.slub-dresden.de/en/workview/dlf/7154/218/0/			
Euc. 11.Prop.21	11.prop.	205	http://digital.slub-dresden.de/en/workview/dlf/7154/219/0/			
Euc. 11.Prop.22	11.prop.	205	http://digital.slub-dresden.de/en/workview/dlf/7154/219/0/			
Euc. 11.Prop.23	11.prop.	206	http://digital.slub-dresden.de/en/workview/dlf/7154/220/0/			
Euc. 11.Prop.24	11.prop.	209	http://digital.slub-dresden.de/en/workview/dlf/7154/223/0/			
Euc. 11.Prop.25	11.prop.	209	http://digital.slub-dresden.de/en/workview/dlf/7154/223/0/			
Euc. 11.Prop.26	11.prop.	210	http://digital.slub-dresden.de/en/workview/dlf/7154/224/0/			
Euc. 11.Prop.27	11.prop.	210	http://digital.slub-dresden.de/en/workview/dlf/7154/224/0/			
Euc. 11.Prop.28	11.prop.	211	http://digital.slub-dresden.de/en/workview/dlf/7154/225/0/			
Euc. 11.Prop.29	11.prop.	211	http://digital.slub-dresden.de/en/workview/dlf/7154/225/0/			
Euc. 11.Prop.30	11.prop.	212	http://digital.slub-dresden.de/en/workview/dlf/7154/226/0/			
Euc. 11.Prop.31	11.prop.	212	http://digital.slub-dresden.de/en/workview/dlf/7154/226/0/			
Euc. 11.Prop.32	11.prop.	213	http://digital.slub-dresden.de/en/workview/dlf/7154/227/0/			
Euc. 11.Prop.33	11.prop.	214	http://digital.slub-dresden.de/en/workview/dlf/7154/228/0/			
Euc. 11.Prop.34	11.prop.	214	http://digital.slub-dresden.de/en/workview/dlf/7154/228/0/			
Euc. 11.Prop.35	11.prop.	216	http://digital.slub-dresden.de/en/workview/dlf/7154/230/0/			
Euc. 11.Prop.36	11.prop.	217	http://digital.slub-dresden.de/en/workview/dlf/7154/231/0/			
Euc. 11.Prop.37	11.prop.	218	http://digital.slub-dresden.de/en/workview/dlf/7154/232/0/			
	11.prop.	218	http://digital.slub-dresden.de/en/workview/dlf/7154/232/0/			
Euc. 11.Prop.38	11.prop.	219	http://digital.slub-dresden.de/en/workview/dlf/7154/233/0/			
Euc. 11.Prop.39	11.prop.	219	http://digital.slub-dresden.de/en/workview/dlf/7154/233/0/			
Euc. 12.Prop.1	12.prop.	220	http://digital.slub-dresden.de/en/workview/dlf/7154/234/0/			
Euc. 12.Prop.2	12.prop.	220	http://digital.slub-dresden.de/en/workview/dlf/7154/234/0/			
Euc. 12.Prop.3	12.prop.	222	http://digital.slub-dresden.de/en/workview/dlf/7154/236/0/			
Euc. 12.Prop.4	12.prop.	223	http://digital.slub-dresden.de/en/workview/dlf/7154/237/0/			
Euc. 12.Prop.5	12.prop.	224	http://digital.slub-dresden.de/en/workview/dlf/7154/238/0/			
Euc. 12.Prop.6	12.prop.	225	http://digital.slub-dresden.de/en/workview/dlf/7154/239/0/			
	12.prop.	226	http://digital.slub-dresden.de/en/workview/dlf/7154/240/0/			
Euc. 12.Prop.8	12.prop.	227	http://digital.slub-dresden.de/en/workview/dlf/7154/241/0/			
Euc. 12.Prop.9	12.prop.	227	http://digital.slub-dresden.de/en/workview/dlf/7154/241/0/			
Euc. 12.Prop.10	12.prop.	228	http://digital.slub-dresden.de/en/workview/dlf/7154/242/0/			
Euc. 12.Prop.11	12.prop.	230	http://digital.slub-dresden.de/en/workview/dlf/7154/244/0/			
Euc. 12.Prop.12	12.prop.	231	http://digital.slub-dresden.de/en/workview/dlf/7154/245/0/			
Euc. 12.Prop.13	12.prop.	233	http://digital.slub-dresden.de/en/workview/dlf/7154/247/0/			
Euc. 12.Prop.14	12.prop.	234	http://digital.slub-dresden.de/en/workview/dlf/7154/248/0/			
Euc. 12.Prop.15	12.prop.	234	http://digital.slub-dresden.de/en/workview/dlf/7154/248/0/			
Euc. 12.Prop.16	12.prop.	235	http://digital.slub-dresden.de/en/workview/dlf/7154/249/0/			
Euc. 12.Prop.17	12.prop.	235	http://digital.slub-dresden.de/en/workview/dlf/7154/249/0/			
Euc. 12.Prop.18	12.prop.	238	http://digital.slub-dresden.de/en/workview/dlf/7154/252/0/			
Euc. 13.Prop.1	13.prop.	239	http://digital.slub-dresden.de/en/workview/dlf/7154/253/0/			
Euc. 13.Prop.2	13.prop.	240	http://digital.slub-dresden.de/en/workview/dlf/7154/254/0/			
Euc. 13.Prop.3	13.prop.	241	http://digital.slub-dresden.de/en/workview/dlf/7154/255/0/			
Euc. 13.Prop.4	13.prop.	242	http://digital.slub-dresden.de/en/workview/dlf/7154/256/0/			
	13.prop.	242	http://digital.slub-dresden.de/en/workview/dlf/7154/256/0/			
Euc. 13.Prop.6	13.prop.	243	http://digital.slub-dresden.de/en/workview/dlf/7154/257/0/			
Euc. 13.Prop.7	13.prop.	243	http://digital.slub-dresden.de/en/workview/dlf/7154/257/0/			
Euc. 13.Prop.8	13.prop.	244	http://digital.slub-dresden.de/en/workview/dlf/7154/258/0/			
Euc. 13.Prop.9	13.prop.	245	http://digital.slub-dresden.de/en/workview/dlf/7154/259/0/			
Euc. 13.Prop.10	13.prop.	245	http://digital.slub-dresden.de/en/workview/dlf/7154/259/0/			
Euc. 13.Prop.11	13.prop.	246	http://digital.slub-dresden.de/en/workview/dlf/7154/260/0/			
Euc. 13.Prop.12	13.prop.	247	http://digital.slub-dresden.de/en/workview/dlf/7154/261/0/			
Euc. 13.Prop.13	13.prop.	248	http://digital.slub-dresden.de/en/workview/dlf/7154/262/0/			
Euc. 13.Prop.14	13.prop.	249	http://digital.slub-dresden.de/en/workview/dlf/7154/263/0/			
Euc. 13.Prop.15	13.prop.	250	http://digital.slub-dresden.de/en/workview/dlf/7154/264/0/			
Euc. 13.Prop.16	13.prop.	251	http://digital.slub-dresden.de/en/workview/dlf/7154/265/0/			
Euc. 13.Prop.17	13.prop.	252	http://digital.slub-dresden.de/en/workview/dlf/7154/266/0/			
Euc. 13.Prop.18	13.prop.	254	http://digital.slub-dresden.de/en/workview/dlf/7154/268/0/			
	14.prop.1	257	http://digital.slub-dresden.de/en/workview/dlf/7154/271/0/			
	14.prop.2	258	http://digital.slub-dresden.de/en/workview/dlf/7154/272/0/			
	14.prop.3	259	http://digital.slub-dresden.de/en/workview/dlf/7154/273/0/			
	14.prop.4	260	http://digital.slub-dresden.de/en/workview/dlf/7154/274/0/			
	15.prop.1	263	http://digital.slub-dresden.de/en/workview/dlf/7154/277/0/			
	15.prop.2	263	http://digital.slub-dresden.de/en/workview/dlf/7154/277/0/			
	15.prop.3	263	http://digital.slub-dresden.de/en/workview/dlf/7154/277/0/			
	15.prop.4	264	http://digital.slub-dresden.de/en/workview/dlf/7154/278/0/			
	15.prop.5	264	http://digital.slub-dresden.de/en/workview/dlf/7154/278/0/			