image URN	folio URN
urn:cite:ogl:modena_alfa_t_8_21.img.modena_alfa_t_8_21_0003	urn:cite:ogl:modena_alfa_t_8_21.folio.2r
urn:cite:ogl:modena_alfa_t_8_21.img.modena_alfa_t_8_21_0004	urn:cite:ogl:modena_alfa_t_8_21.folio.2v
urn:cite:ogl:modena_alfa_t_8_21.img.modena_alfa_t_8_21_0005	urn:cite:ogl:modena_alfa_t_8_21.folio.3r
urn:cite:ogl:modena_alfa_t_8_21.img.modena_alfa_t_8_21_0006	urn:cite:ogl:modena_alfa_t_8_21.folio.3v
urn:cite:ogl:modena_alfa_t_8_21.img.modena_alfa_t_8_21_0007	urn:cite:ogl:modena_alfa_t_8_21.folio.4r
urn:cite:ogl:modena_alfa_t_8_21.img.modena_alfa_t_8_21_0008	urn:cite:ogl:modena_alfa_t_8_21.folio.4v
urn:cite:ogl:modena_alfa_t_8_21.img.modena_alfa_t_8_21_0009	urn:cite:ogl:modena_alfa_t_8_21.folio.5r
urn:cite:ogl:modena_alfa_t_8_21.img.modena_alfa_t_8_21_0010	urn:cite:ogl:modena_alfa_t_8_21.folio.5v
urn:cite:ogl:modena_alfa_t_8_21.img.modena_alfa_t_8_21_0011	urn:cite:ogl:modena_alfa_t_8_21.folio.6r
urn:cite:ogl:modena_alfa_t_8_21.img.modena_alfa_t_8_21_0012	urn:cite:ogl:modena_alfa_t_8_21.folio.6v
urn:cite:ogl:modena_alfa_t_8_21.img.modena_alfa_t_8_21_0013	urn:cite:ogl:modena_alfa_t_8_21.folio.7r
urn:cite:ogl:modena_alfa_t_8_21.img.modena_alfa_t_8_21_0014	urn:cite:ogl:modena_alfa_t_8_21.folio.7v
urn:cite:ogl:modena_alfa_t_8_21.img.modena_alfa_t_8_21_0015	urn:cite:ogl:modena_alfa_t_8_21.folio.8r
urn:cite:ogl:modena_alfa_t_8_21.img.modena_alfa_t_8_21_0016	urn:cite:ogl:modena_alfa_t_8_21.folio.8v
urn:cite:ogl:modena_alfa_t_8_21.img.modena_alfa_t_8_21_0017	urn:cite:ogl:modena_alfa_t_8_21.folio.9r
urn:cite:ogl:modena_alfa_t_8_21.img.modena_alfa_t_8_21_0018	urn:cite:ogl:modena_alfa_t_8_21.folio.9v
urn:cite:ogl:modena_alfa_t_8_21.img.modena_alfa_t_8_21_0019	urn:cite:ogl:modena_alfa_t_8_21.folio.10r
urn:cite:ogl:modena_alfa_t_8_21.img.modena_alfa_t_8_21_0020	urn:cite:ogl:modena_alfa_t_8_21.folio.10v
urn:cite:ogl:modena_alfa_t_8_21.img.modena_alfa_t_8_21_0021	urn:cite:ogl:modena_alfa_t_8_21.folio.11r
urn:cite:ogl:modena_alfa_t_8_21.img.modena_alfa_t_8_21_0022	urn:cite:ogl:modena_alfa_t_8_21.folio.11v
urn:cite:ogl:modena_alfa_t_8_21.img.modena_alfa_t_8_21_0023	urn:cite:ogl:modena_alfa_t_8_21.folio.12r
urn:cite:ogl:modena_alfa_t_8_21.img.modena_alfa_t_8_21_0024	urn:cite:ogl:modena_alfa_t_8_21.folio.12v
urn:cite:ogl:modena_alfa_t_8_21.img.modena_alfa_t_8_21_0025	urn:cite:ogl:modena_alfa_t_8_21.folio.13r
urn:cite:ogl:modena_alfa_t_8_21.img.modena_alfa_t_8_21_0026	urn:cite:ogl:modena_alfa_t_8_21.folio.13v
urn:cite:ogl:modena_alfa_t_8_21.img.modena_alfa_t_8_21_0027	urn:cite:ogl:modena_alfa_t_8_21.folio.14r
urn:cite:ogl:modena_alfa_t_8_21.img.modena_alfa_t_8_21_0028	urn:cite:ogl:modena_alfa_t_8_21.folio.14v
urn:cite:ogl:modena_alfa_t_8_21.img.modena_alfa_t_8_21_0029	urn:cite:ogl:modena_alfa_t_8_21.folio.15r
urn:cite:ogl:modena_alfa_t_8_21.img.modena_alfa_t_8_21_0030	urn:cite:ogl:modena_alfa_t_8_21.folio.15v
urn:cite:ogl:modena_alfa_t_8_21.img.modena_alfa_t_8_21_0031	urn:cite:ogl:modena_alfa_t_8_21.folio.16r
urn:cite:ogl:modena_alfa_t_8_21.img.modena_alfa_t_8_21_0032	urn:cite:ogl:modena_alfa_t_8_21.folio.16v
urn:cite:ogl:modena_alfa_t_8_21.img.modena_alfa_t_8_21_0033	urn:cite:ogl:modena_alfa_t_8_21.folio.17r
urn:cite:ogl:modena_alfa_t_8_21.img.modena_alfa_t_8_21_0034	urn:cite:ogl:modena_alfa_t_8_21.folio.17v
urn:cite:ogl:modena_alfa_t_8_21.img.modena_alfa_t_8_21_0035	urn:cite:ogl:modena_alfa_t_8_21.folio.18r
urn:cite:ogl:modena_alfa_t_8_21.img.modena_alfa_t_8_21_0036	urn:cite:ogl:modena_alfa_t_8_21.folio.18v
urn:cite:ogl:modena_alfa_t_8_21.img.modena_alfa_t_8_21_0037	urn:cite:ogl:modena_alfa_t_8_21.folio.19r
urn:cite:ogl:modena_alfa_t_8_21.img.modena_alfa_t_8_21_0038	urn:cite:ogl:modena_alfa_t_8_21.folio.19v
urn:cite:ogl:modena_alfa_t_8_21.img.modena_alfa_t_8_21_0039	urn:cite:ogl:modena_alfa_t_8_21.folio.20r
urn:cite:ogl:modena_alfa_t_8_21.img.modena_alfa_t_8_21_0040	urn:cite:ogl:modena_alfa_t_8_21.folio.20v
urn:cite:ogl:modena_alfa_t_8_21.img.modena_alfa_t_8_21_0041	urn:cite:ogl:modena_alfa_t_8_21.folio.21r
urn:cite:ogl:modena_alfa_t_8_21.img.modena_alfa_t_8_21_0042	urn:cite:ogl:modena_alfa_t_8_21.folio.21v
urn:cite:ogl:modena_alfa_t_8_21.img.modena_alfa_t_8_21_0043	urn:cite:ogl:modena_alfa_t_8_21.folio.22r
urn:cite:ogl:modena_alfa_t_8_21.img.modena_alfa_t_8_21_0044	urn:cite:ogl:modena_alfa_t_8_21.folio.22v
urn:cite:ogl:modena_alfa_t_8_21.img.modena_alfa_t_8_21_0045	urn:cite:ogl:modena_alfa_t_8_21.folio.23r
urn:cite:ogl:modena_alfa_t_8_21.img.modena_alfa_t_8_21_0046	urn:cite:ogl:modena_alfa_t_8_21.folio.23v
urn:cite:ogl:modena_alfa_t_8_21.img.modena_alfa_t_8_21_0047	urn:cite:ogl:modena_alfa_t_8_21.folio.24r
urn:cite:ogl:modena_alfa_t_8_21.img.modena_alfa_t_8_21_0048	urn:cite:ogl:modena_alfa_t_8_21.folio.24v
urn:cite:ogl:modena_alfa_t_8_21.img.modena_alfa_t_8_21_0049	urn:cite:ogl:modena_alfa_t_8_21.folio.25r
urn:cite:ogl:modena_alfa_t_8_21.img.modena_alfa_t_8_21_0050	urn:cite:ogl:modena_alfa_t_8_21.folio.25v
urn:cite:ogl:modena_alfa_t_8_21.img.modena_alfa_t_8_21_0051	urn:cite:ogl:modena_alfa_t_8_21.folio.26r
urn:cite:ogl:modena_alfa_t_8_21.img.modena_alfa_t_8_21_0052	urn:cite:ogl:modena_alfa_t_8_21.folio.26v
urn:cite:ogl:modena_alfa_t_8_21.img.modena_alfa_t_8_21_0053	urn:cite:ogl:modena_alfa_t_8_21.folio.27r
urn:cite:ogl:modena_alfa_t_8_21.img.modena_alfa_t_8_21_0054	urn:cite:ogl:modena_alfa_t_8_21.folio.27v
urn:cite:ogl:modena_alfa_t_8_21.img.modena_alfa_t_8_21_0055	urn:cite:ogl:modena_alfa_t_8_21.folio.28r
urn:cite:ogl:modena_alfa_t_8_21.img.modena_alfa_t_8_21_0056	urn:cite:ogl:modena_alfa_t_8_21.folio.28v
urn:cite:ogl:modena_alfa_t_8_21.img.modena_alfa_t_8_21_0057	urn:cite:ogl:modena_alfa_t_8_21.folio.29r
urn:cite:ogl:modena_alfa_t_8_21.img.modena_alfa_t_8_21_0058	urn:cite:ogl:modena_alfa_t_8_21.folio.29v
urn:cite:ogl:modena_alfa_t_8_21.img.modena_alfa_t_8_21_0059	urn:cite:ogl:modena_alfa_t_8_21.folio.30r
urn:cite:ogl:modena_alfa_t_8_21.img.modena_alfa_t_8_21_0060	urn:cite:ogl:modena_alfa_t_8_21.folio.30v
urn:cite:ogl:modena_alfa_t_8_21.img.modena_alfa_t_8_21_0061	urn:cite:ogl:modena_alfa_t_8_21.folio.31r
urn:cite:ogl:modena_alfa_t_8_21.img.modena_alfa_t_8_21_0062	urn:cite:ogl:modena_alfa_t_8_21.folio.31v
urn:cite:ogl:modena_alfa_t_8_21.img.modena_alfa_t_8_21_0063	urn:cite:ogl:modena_alfa_t_8_21.folio.32r
urn:cite:ogl:modena_alfa_t_8_21.img.modena_alfa_t_8_21_0064	urn:cite:ogl:modena_alfa_t_8_21.folio.32v
urn:cite:ogl:modena_alfa_t_8_21.img.modena_alfa_t_8_21_0065	urn:cite:ogl:modena_alfa_t_8_21.folio.33r
urn:cite:ogl:modena_alfa_t_8_21.img.modena_alfa_t_8_21_0066	urn:cite:ogl:modena_alfa_t_8_21.folio.33v
urn:cite:ogl:modena_alfa_t_8_21.img.modena_alfa_t_8_21_0067	urn:cite:ogl:modena_alfa_t_8_21.folio.34r
urn:cite:ogl:modena_alfa_t_8_21.img.modena_alfa_t_8_21_0068	urn:cite:ogl:modena_alfa_t_8_21.folio.34v
urn:cite:ogl:modena_alfa_t_8_21.img.modena_alfa_t_8_21_0069	urn:cite:ogl:modena_alfa_t_8_21.folio.35r
urn:cite:ogl:modena_alfa_t_8_21.img.modena_alfa_t_8_21_0070	urn:cite:ogl:modena_alfa_t_8_21.folio.35v
urn:cite:ogl:modena_alfa_t_8_21.img.modena_alfa_t_8_21_0071	urn:cite:ogl:modena_alfa_t_8_21.folio.36r
urn:cite:ogl:modena_alfa_t_8_21.img.modena_alfa_t_8_21_0072	urn:cite:ogl:modena_alfa_t_8_21.folio.36v
urn:cite:ogl:modena_alfa_t_8_21.img.modena_alfa_t_8_21_0073	urn:cite:ogl:modena_alfa_t_8_21.folio.37r
urn:cite:ogl:modena_alfa_t_8_21.img.modena_alfa_t_8_21_0074	urn:cite:ogl:modena_alfa_t_8_21.folio.37v
urn:cite:ogl:modena_alfa_t_8_21.img.modena_alfa_t_8_21_0075	urn:cite:ogl:modena_alfa_t_8_21.folio.38r
urn:cite:ogl:modena_alfa_t_8_21.img.modena_alfa_t_8_21_0076	urn:cite:ogl:modena_alfa_t_8_21.folio.38v
urn:cite:ogl:modena_alfa_t_8_21.img.modena_alfa_t_8_21_0077	urn:cite:ogl:modena_alfa_t_8_21.folio.39r
urn:cite:ogl:modena_alfa_t_8_21.img.modena_alfa_t_8_21_0078	urn:cite:ogl:modena_alfa_t_8_21.folio.39v
urn:cite:ogl:modena_alfa_t_8_21.img.modena_alfa_t_8_21_0079	urn:cite:ogl:modena_alfa_t_8_21.folio.40r
urn:cite:ogl:modena_alfa_t_8_21.img.modena_alfa_t_8_21_0080	urn:cite:ogl:modena_alfa_t_8_21.folio.40v
urn:cite:ogl:modena_alfa_t_8_21.img.modena_alfa_t_8_21_0081	urn:cite:ogl:modena_alfa_t_8_21.folio.41r
urn:cite:ogl:modena_alfa_t_8_21.img.modena_alfa_t_8_21_0082	urn:cite:ogl:modena_alfa_t_8_21.folio.41v
urn:cite:ogl:modena_alfa_t_8_21.img.modena_alfa_t_8_21_0083	urn:cite:ogl:modena_alfa_t_8_21.folio.42r
urn:cite:ogl:modena_alfa_t_8_21.img.modena_alfa_t_8_21_0084	urn:cite:ogl:modena_alfa_t_8_21.folio.42v
urn:cite:ogl:modena_alfa_t_8_21.img.modena_alfa_t_8_21_0085	urn:cite:ogl:modena_alfa_t_8_21.folio.43r
urn:cite:ogl:modena_alfa_t_8_21.img.modena_alfa_t_8_21_0086	urn:cite:ogl:modena_alfa_t_8_21.folio.43v
urn:cite:ogl:modena_alfa_t_8_21.img.modena_alfa_t_8_21_0087	urn:cite:ogl:modena_alfa_t_8_21.folio.44r
urn:cite:ogl:modena_alfa_t_8_21.img.modena_alfa_t_8_21_0088	urn:cite:ogl:modena_alfa_t_8_21.folio.44v
urn:cite:ogl:modena_alfa_t_8_21.img.modena_alfa_t_8_21_0089	urn:cite:ogl:modena_alfa_t_8_21.folio.45r
urn:cite:ogl:modena_alfa_t_8_21.img.modena_alfa_t_8_21_0090	urn:cite:ogl:modena_alfa_t_8_21.folio.45v
urn:cite:ogl:modena_alfa_t_8_21.img.modena_alfa_t_8_21_0091	urn:cite:ogl:modena_alfa_t_8_21.folio.46r
urn:cite:ogl:modena_alfa_t_8_21.img.modena_alfa_t_8_21_0092	urn:cite:ogl:modena_alfa_t_8_21.folio.46v
urn:cite:ogl:modena_alfa_t_8_21.img.modena_alfa_t_8_21_0093	urn:cite:ogl:modena_alfa_t_8_21.folio.47r
urn:cite:ogl:modena_alfa_t_8_21.img.modena_alfa_t_8_21_0094	urn:cite:ogl:modena_alfa_t_8_21.folio.47v
urn:cite:ogl:modena_alfa_t_8_21.img.modena_alfa_t_8_21_0095	urn:cite:ogl:modena_alfa_t_8_21.folio.48r
urn:cite:ogl:modena_alfa_t_8_21.img.modena_alfa_t_8_21_0096	urn:cite:ogl:modena_alfa_t_8_21.folio.48v
urn:cite:ogl:modena_alfa_t_8_21.img.modena_alfa_t_8_21_0097	urn:cite:ogl:modena_alfa_t_8_21.folio.49r
urn:cite:ogl:modena_alfa_t_8_21.img.modena_alfa_t_8_21_0098	urn:cite:ogl:modena_alfa_t_8_21.folio.49v
urn:cite:ogl:modena_alfa_t_8_21.img.modena_alfa_t_8_21_0099	urn:cite:ogl:modena_alfa_t_8_21.folio.50r
urn:cite:ogl:modena_alfa_t_8_21.img.modena_alfa_t_8_21_0100	urn:cite:ogl:modena_alfa_t_8_21.folio.50v
urn:cite:ogl:modena_alfa_t_8_21.img.modena_alfa_t_8_21_0101	urn:cite:ogl:modena_alfa_t_8_21.folio.51r
urn:cite:ogl:modena_alfa_t_8_21.img.modena_alfa_t_8_21_0102	urn:cite:ogl:modena_alfa_t_8_21.folio.51v
urn:cite:ogl:modena_alfa_t_8_21.img.modena_alfa_t_8_21_0103	urn:cite:ogl:modena_alfa_t_8_21.folio.52r
urn:cite:ogl:modena_alfa_t_8_21.img.modena_alfa_t_8_21_0104	urn:cite:ogl:modena_alfa_t_8_21.folio.52v
urn:cite:ogl:modena_alfa_t_8_21.img.modena_alfa_t_8_21_0105	urn:cite:ogl:modena_alfa_t_8_21.folio.53r
urn:cite:ogl:modena_alfa_t_8_21.img.modena_alfa_t_8_21_0106	urn:cite:ogl:modena_alfa_t_8_21.folio.53v
urn:cite:ogl:modena_alfa_t_8_21.img.modena_alfa_t_8_21_0107	urn:cite:ogl:modena_alfa_t_8_21.folio.54r
urn:cite:ogl:modena_alfa_t_8_21.img.modena_alfa_t_8_21_0108	urn:cite:ogl:modena_alfa_t_8_21.folio.54v
urn:cite:ogl:modena_alfa_t_8_21.img.modena_alfa_t_8_21_0109	urn:cite:ogl:modena_alfa_t_8_21.folio.55r
urn:cite:ogl:modena_alfa_t_8_21.img.modena_alfa_t_8_21_0110	urn:cite:ogl:modena_alfa_t_8_21.folio.55v
urn:cite:ogl:modena_alfa_t_8_21.img.modena_alfa_t_8_21_0111	urn:cite:ogl:modena_alfa_t_8_21.folio.56r
urn:cite:ogl:modena_alfa_t_8_21.img.modena_alfa_t_8_21_0112	urn:cite:ogl:modena_alfa_t_8_21.folio.56v
urn:cite:ogl:modena_alfa_t_8_21.img.modena_alfa_t_8_21_0113	urn:cite:ogl:modena_alfa_t_8_21.folio.57r
urn:cite:ogl:modena_alfa_t_8_21.img.modena_alfa_t_8_21_0114	urn:cite:ogl:modena_alfa_t_8_21.folio.57v
urn:cite:ogl:modena_alfa_t_8_21.img.modena_alfa_t_8_21_0115	urn:cite:ogl:modena_alfa_t_8_21.folio.58r
urn:cite:ogl:modena_alfa_t_8_21.img.modena_alfa_t_8_21_0116	urn:cite:ogl:modena_alfa_t_8_21.folio.58v
urn:cite:ogl:modena_alfa_t_8_21.img.modena_alfa_t_8_21_0117	urn:cite:ogl:modena_alfa_t_8_21.folio.59r
urn:cite:ogl:modena_alfa_t_8_21.img.modena_alfa_t_8_21_0118	urn:cite:ogl:modena_alfa_t_8_21.folio.59v
urn:cite:ogl:modena_alfa_t_8_21.img.modena_alfa_t_8_21_0119	urn:cite:ogl:modena_alfa_t_8_21.folio.60r
urn:cite:ogl:modena_alfa_t_8_21.img.modena_alfa_t_8_21_0120	urn:cite:ogl:modena_alfa_t_8_21.folio.60v
urn:cite:ogl:modena_alfa_t_8_21.img.modena_alfa_t_8_21_0121	urn:cite:ogl:modena_alfa_t_8_21.folio.61r
urn:cite:ogl:modena_alfa_t_8_21.img.modena_alfa_t_8_21_0122	urn:cite:ogl:modena_alfa_t_8_21.folio.61v
urn:cite:ogl:modena_alfa_t_8_21.img.modena_alfa_t_8_21_0123	urn:cite:ogl:modena_alfa_t_8_21.folio.62r
urn:cite:ogl:modena_alfa_t_8_21.img.modena_alfa_t_8_21_0124	urn:cite:ogl:modena_alfa_t_8_21.folio.62v
urn:cite:ogl:modena_alfa_t_8_21.img.modena_alfa_t_8_21_0125	urn:cite:ogl:modena_alfa_t_8_21.folio.63r
urn:cite:ogl:modena_alfa_t_8_21.img.modena_alfa_t_8_21_0126	urn:cite:ogl:modena_alfa_t_8_21.folio.63v
urn:cite:ogl:modena_alfa_t_8_21.img.modena_alfa_t_8_21_0127	urn:cite:ogl:modena_alfa_t_8_21.folio.64r
urn:cite:ogl:modena_alfa_t_8_21.img.modena_alfa_t_8_21_0128	urn:cite:ogl:modena_alfa_t_8_21.folio.64v
urn:cite:ogl:modena_alfa_t_8_21.img.modena_alfa_t_8_21_0129	urn:cite:ogl:modena_alfa_t_8_21.folio.65r
urn:cite:ogl:modena_alfa_t_8_21.img.modena_alfa_t_8_21_0130	urn:cite:ogl:modena_alfa_t_8_21.folio.65v
urn:cite:ogl:modena_alfa_t_8_21.img.modena_alfa_t_8_21_0131	urn:cite:ogl:modena_alfa_t_8_21.folio.66r
urn:cite:ogl:modena_alfa_t_8_21.img.modena_alfa_t_8_21_0132	urn:cite:ogl:modena_alfa_t_8_21.folio.66v
urn:cite:ogl:modena_alfa_t_8_21.img.modena_alfa_t_8_21_0133	urn:cite:ogl:modena_alfa_t_8_21.folio.67r
urn:cite:ogl:modena_alfa_t_8_21.img.modena_alfa_t_8_21_0134	urn:cite:ogl:modena_alfa_t_8_21.folio.67v
urn:cite:ogl:modena_alfa_t_8_21.img.modena_alfa_t_8_21_0135	urn:cite:ogl:modena_alfa_t_8_21.folio.68r
urn:cite:ogl:modena_alfa_t_8_21.img.modena_alfa_t_8_21_0136	urn:cite:ogl:modena_alfa_t_8_21.folio.68v
urn:cite:ogl:modena_alfa_t_8_21.img.modena_alfa_t_8_21_0137	urn:cite:ogl:modena_alfa_t_8_21.folio.69r
urn:cite:ogl:modena_alfa_t_8_21.img.modena_alfa_t_8_21_0138	urn:cite:ogl:modena_alfa_t_8_21.folio.69v
urn:cite:ogl:modena_alfa_t_8_21.img.modena_alfa_t_8_21_0139	urn:cite:ogl:modena_alfa_t_8_21.folio.70r
urn:cite:ogl:modena_alfa_t_8_21.img.modena_alfa_t_8_21_0140	urn:cite:ogl:modena_alfa_t_8_21.folio.70v
urn:cite:ogl:modena_alfa_t_8_21.img.modena_alfa_t_8_21_0141	urn:cite:ogl:modena_alfa_t_8_21.folio.71r
urn:cite:ogl:modena_alfa_t_8_21.img.modena_alfa_t_8_21_0142	urn:cite:ogl:modena_alfa_t_8_21.folio.71v
urn:cite:ogl:modena_alfa_t_8_21.img.modena_alfa_t_8_21_0143	urn:cite:ogl:modena_alfa_t_8_21.folio.72r
urn:cite:ogl:modena_alfa_t_8_21.img.modena_alfa_t_8_21_0144	urn:cite:ogl:modena_alfa_t_8_21.folio.72v
urn:cite:ogl:modena_alfa_t_8_21.img.modena_alfa_t_8_21_0145	urn:cite:ogl:modena_alfa_t_8_21.folio.73r
urn:cite:ogl:modena_alfa_t_8_21.img.modena_alfa_t_8_21_0146	urn:cite:ogl:modena_alfa_t_8_21.folio.73v
urn:cite:ogl:modena_alfa_t_8_21.img.modena_alfa_t_8_21_0147	urn:cite:ogl:modena_alfa_t_8_21.folio.74r
urn:cite:ogl:modena_alfa_t_8_21.img.modena_alfa_t_8_21_0148	urn:cite:ogl:modena_alfa_t_8_21.folio.74v
urn:cite:ogl:modena_alfa_t_8_21.img.modena_alfa_t_8_21_0149	urn:cite:ogl:modena_alfa_t_8_21.folio.75r
urn:cite:ogl:modena_alfa_t_8_21.img.modena_alfa_t_8_21_0150	urn:cite:ogl:modena_alfa_t_8_21.folio.75v
urn:cite:ogl:modena_alfa_t_8_21.img.modena_alfa_t_8_21_0151	urn:cite:ogl:modena_alfa_t_8_21.folio.76r
urn:cite:ogl:modena_alfa_t_8_21.img.modena_alfa_t_8_21_0152	urn:cite:ogl:modena_alfa_t_8_21.folio.76v
urn:cite:ogl:modena_alfa_t_8_21.img.modena_alfa_t_8_21_0153	urn:cite:ogl:modena_alfa_t_8_21.folio.77r
urn:cite:ogl:modena_alfa_t_8_21.img.modena_alfa_t_8_21_0154	urn:cite:ogl:modena_alfa_t_8_21.folio.77v
urn:cite:ogl:modena_alfa_t_8_21.img.modena_alfa_t_8_21_0155	urn:cite:ogl:modena_alfa_t_8_21.folio.78r
urn:cite:ogl:modena_alfa_t_8_21.img.modena_alfa_t_8_21_0156	urn:cite:ogl:modena_alfa_t_8_21.folio.78v
urn:cite:ogl:modena_alfa_t_8_21.img.modena_alfa_t_8_21_0157	urn:cite:ogl:modena_alfa_t_8_21.folio.79r
urn:cite:ogl:modena_alfa_t_8_21.img.modena_alfa_t_8_21_0158	urn:cite:ogl:modena_alfa_t_8_21.folio.79v
urn:cite:ogl:modena_alfa_t_8_21.img.modena_alfa_t_8_21_0159	urn:cite:ogl:modena_alfa_t_8_21.folio.80r
urn:cite:ogl:modena_alfa_t_8_21.img.modena_alfa_t_8_21_0160	urn:cite:ogl:modena_alfa_t_8_21.folio.80v
urn:cite:ogl:modena_alfa_t_8_21.img.modena_alfa_t_8_21_0161	urn:cite:ogl:modena_alfa_t_8_21.folio.81r
urn:cite:ogl:modena_alfa_t_8_21.img.modena_alfa_t_8_21_0162	urn:cite:ogl:modena_alfa_t_8_21.folio.81v
urn:cite:ogl:modena_alfa_t_8_21.img.modena_alfa_t_8_21_0163	urn:cite:ogl:modena_alfa_t_8_21.folio.82r
urn:cite:ogl:modena_alfa_t_8_21.img.modena_alfa_t_8_21_0164	urn:cite:ogl:modena_alfa_t_8_21.folio.82v
urn:cite:ogl:modena_alfa_t_8_21.img.modena_alfa_t_8_21_0165	urn:cite:ogl:modena_alfa_t_8_21.folio.83r
urn:cite:ogl:modena_alfa_t_8_21.img.modena_alfa_t_8_21_0166	urn:cite:ogl:modena_alfa_t_8_21.folio.83v
urn:cite:ogl:modena_alfa_t_8_21.img.modena_alfa_t_8_21_0167	urn:cite:ogl:modena_alfa_t_8_21.folio.84r
urn:cite:ogl:modena_alfa_t_8_21.img.modena_alfa_t_8_21_0168	urn:cite:ogl:modena_alfa_t_8_21.folio.84v
urn:cite:ogl:modena_alfa_t_8_21.img.modena_alfa_t_8_21_0169	urn:cite:ogl:modena_alfa_t_8_21.folio.85r
urn:cite:ogl:modena_alfa_t_8_21.img.modena_alfa_t_8_21_0170	urn:cite:ogl:modena_alfa_t_8_21.folio.85v
urn:cite:ogl:modena_alfa_t_8_21.img.modena_alfa_t_8_21_0171	urn:cite:ogl:modena_alfa_t_8_21.folio.86r
urn:cite:ogl:modena_alfa_t_8_21.img.modena_alfa_t_8_21_0172	urn:cite:ogl:modena_alfa_t_8_21.folio.86v
urn:cite:ogl:modena_alfa_t_8_21.img.modena_alfa_t_8_21_0173	urn:cite:ogl:modena_alfa_t_8_21.folio.87r
urn:cite:ogl:modena_alfa_t_8_21.img.modena_alfa_t_8_21_0174	urn:cite:ogl:modena_alfa_t_8_21.folio.87v
urn:cite:ogl:modena_alfa_t_8_21.img.modena_alfa_t_8_21_0175	urn:cite:ogl:modena_alfa_t_8_21.folio.88r
urn:cite:ogl:modena_alfa_t_8_21.img.modena_alfa_t_8_21_0176	urn:cite:ogl:modena_alfa_t_8_21.folio.88v
urn:cite:ogl:modena_alfa_t_8_21.img.modena_alfa_t_8_21_0177	urn:cite:ogl:modena_alfa_t_8_21.folio.89r
urn:cite:ogl:modena_alfa_t_8_21.img.modena_alfa_t_8_21_0178	urn:cite:ogl:modena_alfa_t_8_21.folio.89v
urn:cite:ogl:modena_alfa_t_8_21.img.modena_alfa_t_8_21_0179	urn:cite:ogl:modena_alfa_t_8_21.folio.90r
urn:cite:ogl:modena_alfa_t_8_21.img.modena_alfa_t_8_21_0180	urn:cite:ogl:modena_alfa_t_8_21.folio.90v
urn:cite:ogl:modena_alfa_t_8_21.img.modena_alfa_t_8_21_0181	urn:cite:ogl:modena_alfa_t_8_21.folio.91r
urn:cite:ogl:modena_alfa_t_8_21.img.modena_alfa_t_8_21_0182	urn:cite:ogl:modena_alfa_t_8_21.folio.91v
urn:cite:ogl:modena_alfa_t_8_21.img.modena_alfa_t_8_21_0183	urn:cite:ogl:modena_alfa_t_8_21.folio.92r
urn:cite:ogl:modena_alfa_t_8_21.img.modena_alfa_t_8_21_0184	urn:cite:ogl:modena_alfa_t_8_21.folio.92v
urn:cite:ogl:modena_alfa_t_8_21.img.modena_alfa_t_8_21_0185	urn:cite:ogl:modena_alfa_t_8_21.folio.93r
urn:cite:ogl:modena_alfa_t_8_21.img.modena_alfa_t_8_21_0186	urn:cite:ogl:modena_alfa_t_8_21.folio.93v
urn:cite:ogl:modena_alfa_t_8_21.img.modena_alfa_t_8_21_0187	urn:cite:ogl:modena_alfa_t_8_21.folio.94r
urn:cite:ogl:modena_alfa_t_8_21.img.modena_alfa_t_8_21_0188	urn:cite:ogl:modena_alfa_t_8_21.folio.94v
urn:cite:ogl:modena_alfa_t_8_21.img.modena_alfa_t_8_21_0189	urn:cite:ogl:modena_alfa_t_8_21.folio.95r
urn:cite:ogl:modena_alfa_t_8_21.img.modena_alfa_t_8_21_0190	urn:cite:ogl:modena_alfa_t_8_21.folio.95v
urn:cite:ogl:modena_alfa_t_8_21.img.modena_alfa_t_8_21_0191	urn:cite:ogl:modena_alfa_t_8_21.folio.96r
urn:cite:ogl:modena_alfa_t_8_21.img.modena_alfa_t_8_21_0192	urn:cite:ogl:modena_alfa_t_8_21.folio.96v
urn:cite:ogl:modena_alfa_t_8_21.img.modena_alfa_t_8_21_0193	urn:cite:ogl:modena_alfa_t_8_21.folio.97r
urn:cite:ogl:modena_alfa_t_8_21.img.modena_alfa_t_8_21_0194	urn:cite:ogl:modena_alfa_t_8_21.folio.97v
urn:cite:ogl:modena_alfa_t_8_21.img.modena_alfa_t_8_21_0195	urn:cite:ogl:modena_alfa_t_8_21.folio.98r
urn:cite:ogl:modena_alfa_t_8_21.img.modena_alfa_t_8_21_0196	urn:cite:ogl:modena_alfa_t_8_21.folio.98v
urn:cite:ogl:modena_alfa_t_8_21.img.modena_alfa_t_8_21_0197	urn:cite:ogl:modena_alfa_t_8_21.folio.99r
urn:cite:ogl:modena_alfa_t_8_21.img.modena_alfa_t_8_21_0198	urn:cite:ogl:modena_alfa_t_8_21.folio.99v
urn:cite:ogl:modena_alfa_t_8_21.img.modena_alfa_t_8_21_0199	urn:cite:ogl:modena_alfa_t_8_21.folio.100r
urn:cite:ogl:modena_alfa_t_8_21.img.modena_alfa_t_8_21_0200	urn:cite:ogl:modena_alfa_t_8_21.folio.100v
urn:cite:ogl:modena_alfa_t_8_21.img.modena_alfa_t_8_21_0201	urn:cite:ogl:modena_alfa_t_8_21.folio.101r
urn:cite:ogl:modena_alfa_t_8_21.img.modena_alfa_t_8_21_0202	urn:cite:ogl:modena_alfa_t_8_21.folio.101v
urn:cite:ogl:modena_alfa_t_8_21.img.modena_alfa_t_8_21_0203	urn:cite:ogl:modena_alfa_t_8_21.folio.102r
urn:cite:ogl:modena_alfa_t_8_21.img.modena_alfa_t_8_21_0204	urn:cite:ogl:modena_alfa_t_8_21.folio.102v
urn:cite:ogl:modena_alfa_t_8_21.img.modena_alfa_t_8_21_0205	urn:cite:ogl:modena_alfa_t_8_21.folio.103r
urn:cite:ogl:modena_alfa_t_8_21.img.modena_alfa_t_8_21_0206	urn:cite:ogl:modena_alfa_t_8_21.folio.103v
urn:cite:ogl:modena_alfa_t_8_21.img.modena_alfa_t_8_21_0207	urn:cite:ogl:modena_alfa_t_8_21.folio.104r
urn:cite:ogl:modena_alfa_t_8_21.img.modena_alfa_t_8_21_0208	urn:cite:ogl:modena_alfa_t_8_21.folio.104v
urn:cite:ogl:modena_alfa_t_8_21.img.modena_alfa_t_8_21_0209	urn:cite:ogl:modena_alfa_t_8_21.folio.105r
urn:cite:ogl:modena_alfa_t_8_21.img.modena_alfa_t_8_21_0210	urn:cite:ogl:modena_alfa_t_8_21.folio.105v
urn:cite:ogl:modena_alfa_t_8_21.img.modena_alfa_t_8_21_0211	urn:cite:ogl:modena_alfa_t_8_21.folio.106r
urn:cite:ogl:modena_alfa_t_8_21.img.modena_alfa_t_8_21_0212	urn:cite:ogl:modena_alfa_t_8_21.folio.106v
urn:cite:ogl:modena_alfa_t_8_21.img.modena_alfa_t_8_21_0213	urn:cite:ogl:modena_alfa_t_8_21.folio.107r
urn:cite:ogl:modena_alfa_t_8_21.img.modena_alfa_t_8_21_0214	urn:cite:ogl:modena_alfa_t_8_21.folio.107v
urn:cite:ogl:modena_alfa_t_8_21.img.modena_alfa_t_8_21_0215	urn:cite:ogl:modena_alfa_t_8_21.folio.108r
urn:cite:ogl:modena_alfa_t_8_21.img.modena_alfa_t_8_21_0216	urn:cite:ogl:modena_alfa_t_8_21.folio.108v
urn:cite:ogl:modena_alfa_t_8_21.img.modena_alfa_t_8_21_0217	urn:cite:ogl:modena_alfa_t_8_21.folio.109r
urn:cite:ogl:modena_alfa_t_8_21.img.modena_alfa_t_8_21_0218	urn:cite:ogl:modena_alfa_t_8_21.folio.109v
urn:cite:ogl:modena_alfa_t_8_21.img.modena_alfa_t_8_21_0219	urn:cite:ogl:modena_alfa_t_8_21.folio.110r
urn:cite:ogl:modena_alfa_t_8_21.img.modena_alfa_t_8_21_0220	urn:cite:ogl:modena_alfa_t_8_21.folio.110v
urn:cite:ogl:modena_alfa_t_8_21.img.modena_alfa_t_8_21_0221	urn:cite:ogl:modena_alfa_t_8_21.folio.111r
urn:cite:ogl:modena_alfa_t_8_21.img.modena_alfa_t_8_21_0222	urn:cite:ogl:modena_alfa_t_8_21.folio.111v
urn:cite:ogl:modena_alfa_t_8_21.img.modena_alfa_t_8_21_0223	urn:cite:ogl:modena_alfa_t_8_21.folio.112r
urn:cite:ogl:modena_alfa_t_8_21.img.modena_alfa_t_8_21_0224	urn:cite:ogl:modena_alfa_t_8_21.folio.112v
urn:cite:ogl:modena_alfa_t_8_21.img.modena_alfa_t_8_21_0225	urn:cite:ogl:modena_alfa_t_8_21.folio.113r
urn:cite:ogl:modena_alfa_t_8_21.img.modena_alfa_t_8_21_0226	urn:cite:ogl:modena_alfa_t_8_21.folio.113v
urn:cite:ogl:modena_alfa_t_8_21.img.modena_alfa_t_8_21_0227	urn:cite:ogl:modena_alfa_t_8_21.folio.114r
urn:cite:ogl:modena_alfa_t_8_21.img.modena_alfa_t_8_21_0228	urn:cite:ogl:modena_alfa_t_8_21.folio.114v
urn:cite:ogl:modena_alfa_t_8_21.img.modena_alfa_t_8_21_0229	urn:cite:ogl:modena_alfa_t_8_21.folio.115r
urn:cite:ogl:modena_alfa_t_8_21.img.modena_alfa_t_8_21_0230	urn:cite:ogl:modena_alfa_t_8_21.folio.115v
urn:cite:ogl:modena_alfa_t_8_21.img.modena_alfa_t_8_21_0231	urn:cite:ogl:modena_alfa_t_8_21.folio.116r
urn:cite:ogl:modena_alfa_t_8_21.img.modena_alfa_t_8_21_0232	urn:cite:ogl:modena_alfa_t_8_21.folio.116v
urn:cite:ogl:modena_alfa_t_8_21.img.modena_alfa_t_8_21_0233	urn:cite:ogl:modena_alfa_t_8_21.folio.117r
urn:cite:ogl:modena_alfa_t_8_21.img.modena_alfa_t_8_21_0234	urn:cite:ogl:modena_alfa_t_8_21.folio.117v
urn:cite:ogl:modena_alfa_t_8_21.img.modena_alfa_t_8_21_0235	urn:cite:ogl:modena_alfa_t_8_21.folio.118r
urn:cite:ogl:modena_alfa_t_8_21.img.modena_alfa_t_8_21_0236	urn:cite:ogl:modena_alfa_t_8_21.folio.118v
urn:cite:ogl:modena_alfa_t_8_21.img.modena_alfa_t_8_21_0237	urn:cite:ogl:modena_alfa_t_8_21.folio.119r
urn:cite:ogl:modena_alfa_t_8_21.img.modena_alfa_t_8_21_0238	urn:cite:ogl:modena_alfa_t_8_21.folio.119v
urn:cite:ogl:modena_alfa_t_8_21.img.modena_alfa_t_8_21_0239	urn:cite:ogl:modena_alfa_t_8_21.folio.120r
urn:cite:ogl:modena_alfa_t_8_21.img.modena_alfa_t_8_21_0240	urn:cite:ogl:modena_alfa_t_8_21.folio.120v
urn:cite:ogl:modena_alfa_t_8_21.img.modena_alfa_t_8_21_0241	urn:cite:ogl:modena_alfa_t_8_21.folio.121r
urn:cite:ogl:modena_alfa_t_8_21.img.modena_alfa_t_8_21_0242	urn:cite:ogl:modena_alfa_t_8_21.folio.121v
urn:cite:ogl:modena_alfa_t_8_21.img.modena_alfa_t_8_21_0243	urn:cite:ogl:modena_alfa_t_8_21.folio.122r
urn:cite:ogl:modena_alfa_t_8_21.img.modena_alfa_t_8_21_0244	urn:cite:ogl:modena_alfa_t_8_21.folio.122v
urn:cite:ogl:modena_alfa_t_8_21.img.modena_alfa_t_8_21_0245	urn:cite:ogl:modena_alfa_t_8_21.folio.123r
urn:cite:ogl:modena_alfa_t_8_21.img.modena_alfa_t_8_21_0246	urn:cite:ogl:modena_alfa_t_8_21.folio.123v
urn:cite:ogl:modena_alfa_t_8_21.img.modena_alfa_t_8_21_0247	urn:cite:ogl:modena_alfa_t_8_21.folio.124r
urn:cite:ogl:modena_alfa_t_8_21.img.modena_alfa_t_8_21_0248	urn:cite:ogl:modena_alfa_t_8_21.folio.124v
urn:cite:ogl:modena_alfa_t_8_21.img.modena_alfa_t_8_21_0249	urn:cite:ogl:modena_alfa_t_8_21.folio.125r
urn:cite:ogl:modena_alfa_t_8_21.img.modena_alfa_t_8_21_0250	urn:cite:ogl:modena_alfa_t_8_21.folio.125v
urn:cite:ogl:modena_alfa_t_8_21.img.modena_alfa_t_8_21_0251	urn:cite:ogl:modena_alfa_t_8_21.folio.126r
urn:cite:ogl:modena_alfa_t_8_21.img.modena_alfa_t_8_21_0252	urn:cite:ogl:modena_alfa_t_8_21.folio.126v
urn:cite:ogl:modena_alfa_t_8_21.img.modena_alfa_t_8_21_0253	urn:cite:ogl:modena_alfa_t_8_21.folio.127r
urn:cite:ogl:modena_alfa_t_8_21.img.modena_alfa_t_8_21_0254	urn:cite:ogl:modena_alfa_t_8_21.folio.127v
urn:cite:ogl:modena_alfa_t_8_21.img.modena_alfa_t_8_21_0255	urn:cite:ogl:modena_alfa_t_8_21.folio.128r
urn:cite:ogl:modena_alfa_t_8_21.img.modena_alfa_t_8_21_0256	urn:cite:ogl:modena_alfa_t_8_21.folio.128v
urn:cite:ogl:modena_alfa_t_8_21.img.modena_alfa_t_8_21_0257	urn:cite:ogl:modena_alfa_t_8_21.folio.129r
urn:cite:ogl:modena_alfa_t_8_21.img.modena_alfa_t_8_21_0258	urn:cite:ogl:modena_alfa_t_8_21.folio.129v
urn:cite:ogl:modena_alfa_t_8_21.img.modena_alfa_t_8_21_0259	urn:cite:ogl:modena_alfa_t_8_21.folio.130r
urn:cite:ogl:modena_alfa_t_8_21.img.modena_alfa_t_8_21_0260	urn:cite:ogl:modena_alfa_t_8_21.folio.130v
urn:cite:ogl:modena_alfa_t_8_21.img.modena_alfa_t_8_21_0261	urn:cite:ogl:modena_alfa_t_8_21.folio.131r
urn:cite:ogl:modena_alfa_t_8_21.img.modena_alfa_t_8_21_0262	urn:cite:ogl:modena_alfa_t_8_21.folio.131v
urn:cite:ogl:modena_alfa_t_8_21.img.modena_alfa_t_8_21_0263	urn:cite:ogl:modena_alfa_t_8_21.folio.132r
urn:cite:ogl:modena_alfa_t_8_21.img.modena_alfa_t_8_21_0264	urn:cite:ogl:modena_alfa_t_8_21.folio.132v
urn:cite:ogl:modena_alfa_t_8_21.img.modena_alfa_t_8_21_0265	urn:cite:ogl:modena_alfa_t_8_21.folio.133r
urn:cite:ogl:modena_alfa_t_8_21.img.modena_alfa_t_8_21_0266	urn:cite:ogl:modena_alfa_t_8_21.folio.133v
urn:cite:ogl:modena_alfa_t_8_21.img.modena_alfa_t_8_21_0267	urn:cite:ogl:modena_alfa_t_8_21.folio.134r
urn:cite:ogl:modena_alfa_t_8_21.img.modena_alfa_t_8_21_0268	urn:cite:ogl:modena_alfa_t_8_21.folio.134v
urn:cite:ogl:modena_alfa_t_8_21.img.modena_alfa_t_8_21_0269	urn:cite:ogl:modena_alfa_t_8_21.folio.135r
urn:cite:ogl:modena_alfa_t_8_21.img.modena_alfa_t_8_21_0270	urn:cite:ogl:modena_alfa_t_8_21.folio.135v
urn:cite:ogl:modena_alfa_t_8_21.img.modena_alfa_t_8_21_0271	urn:cite:ogl:modena_alfa_t_8_21.folio.136r
urn:cite:ogl:modena_alfa_t_8_21.img.modena_alfa_t_8_21_0272	urn:cite:ogl:modena_alfa_t_8_21.folio.136v
urn:cite:ogl:modena_alfa_t_8_21.img.modena_alfa_t_8_21_0273	urn:cite:ogl:modena_alfa_t_8_21.folio.137r
urn:cite:ogl:modena_alfa_t_8_21.img.modena_alfa_t_8_21_0274	urn:cite:ogl:modena_alfa_t_8_21.folio.137v
urn:cite:ogl:modena_alfa_t_8_21.img.modena_alfa_t_8_21_0275	urn:cite:ogl:modena_alfa_t_8_21.folio.138r
urn:cite:ogl:modena_alfa_t_8_21.img.modena_alfa_t_8_21_0276	urn:cite:ogl:modena_alfa_t_8_21.folio.138v
urn:cite:ogl:modena_alfa_t_8_21.img.modena_alfa_t_8_21_0277	urn:cite:ogl:modena_alfa_t_8_21.folio.139r
urn:cite:ogl:modena_alfa_t_8_21.img.modena_alfa_t_8_21_0278	urn:cite:ogl:modena_alfa_t_8_21.folio.139v
urn:cite:ogl:modena_alfa_t_8_21.img.modena_alfa_t_8_21_0279	urn:cite:ogl:modena_alfa_t_8_21.folio.140r
urn:cite:ogl:modena_alfa_t_8_21.img.modena_alfa_t_8_21_0280	urn:cite:ogl:modena_alfa_t_8_21.folio.140v
urn:cite:ogl:modena_alfa_t_8_21.img.modena_alfa_t_8_21_0281	urn:cite:ogl:modena_alfa_t_8_21.folio.141r
urn:cite:ogl:modena_alfa_t_8_21.img.modena_alfa_t_8_21_0282	urn:cite:ogl:modena_alfa_t_8_21.folio.141v
urn:cite:ogl:modena_alfa_t_8_21.img.modena_alfa_t_8_21_0283	urn:cite:ogl:modena_alfa_t_8_21.folio.142r
urn:cite:ogl:modena_alfa_t_8_21.img.modena_alfa_t_8_21_0284	urn:cite:ogl:modena_alfa_t_8_21.folio.142v
urn:cite:ogl:modena_alfa_t_8_21.img.modena_alfa_t_8_21_0285	urn:cite:ogl:modena_alfa_t_8_21.folio.143r
urn:cite:ogl:modena_alfa_t_8_21.img.modena_alfa_t_8_21_0286	urn:cite:ogl:modena_alfa_t_8_21.folio.143v
urn:cite:ogl:modena_alfa_t_8_21.img.modena_alfa_t_8_21_0287	urn:cite:ogl:modena_alfa_t_8_21.folio.144r
urn:cite:ogl:modena_alfa_t_8_21.img.modena_alfa_t_8_21_0288	urn:cite:ogl:modena_alfa_t_8_21.folio.144v
urn:cite:ogl:modena_alfa_t_8_21.img.modena_alfa_t_8_21_0289	urn:cite:ogl:modena_alfa_t_8_21.folio.145r
urn:cite:ogl:modena_alfa_t_8_21.img.modena_alfa_t_8_21_0290	urn:cite:ogl:modena_alfa_t_8_21.folio.145v
urn:cite:ogl:modena_alfa_t_8_21.img.modena_alfa_t_8_21_0291	urn:cite:ogl:modena_alfa_t_8_21.folio.146r
urn:cite:ogl:modena_alfa_t_8_21.img.modena_alfa_t_8_21_0292	urn:cite:ogl:modena_alfa_t_8_21.folio.146v
urn:cite:ogl:modena_alfa_t_8_21.img.modena_alfa_t_8_21_0293	urn:cite:ogl:modena_alfa_t_8_21.folio.147r
urn:cite:ogl:modena_alfa_t_8_21.img.modena_alfa_t_8_21_0294	urn:cite:ogl:modena_alfa_t_8_21.folio.147v
urn:cite:ogl:modena_alfa_t_8_21.img.modena_alfa_t_8_21_0295	urn:cite:ogl:modena_alfa_t_8_21.folio.148r
urn:cite:ogl:modena_alfa_t_8_21.img.modena_alfa_t_8_21_0296	urn:cite:ogl:modena_alfa_t_8_21.folio.148v
urn:cite:ogl:modena_alfa_t_8_21.img.modena_alfa_t_8_21_0297	urn:cite:ogl:modena_alfa_t_8_21.folio.149r
urn:cite:ogl:modena_alfa_t_8_21.img.modena_alfa_t_8_21_0298	urn:cite:ogl:modena_alfa_t_8_21.folio.149v
urn:cite:ogl:modena_alfa_t_8_21.img.modena_alfa_t_8_21_0299	urn:cite:ogl:modena_alfa_t_8_21.folio.150r
urn:cite:ogl:modena_alfa_t_8_21.img.modena_alfa_t_8_21_0300	urn:cite:ogl:modena_alfa_t_8_21.folio.150v
urn:cite:ogl:modena_alfa_t_8_21.img.modena_alfa_t_8_21_0301	urn:cite:ogl:modena_alfa_t_8_21.folio.151r
urn:cite:ogl:modena_alfa_t_8_21.img.modena_alfa_t_8_21_0302	urn:cite:ogl:modena_alfa_t_8_21.folio.151v
urn:cite:ogl:modena_alfa_t_8_21.img.modena_alfa_t_8_21_0303	urn:cite:ogl:modena_alfa_t_8_21.folio.152r
urn:cite:ogl:modena_alfa_t_8_21.img.modena_alfa_t_8_21_0304	urn:cite:ogl:modena_alfa_t_8_21.folio.152v
urn:cite:ogl:modena_alfa_t_8_21.img.modena_alfa_t_8_21_0305	urn:cite:ogl:modena_alfa_t_8_21.folio.153r
urn:cite:ogl:modena_alfa_t_8_21.img.modena_alfa_t_8_21_0306	urn:cite:ogl:modena_alfa_t_8_21.folio.153v
urn:cite:ogl:modena_alfa_t_8_21.img.modena_alfa_t_8_21_0307	urn:cite:ogl:modena_alfa_t_8_21.folio.154r
urn:cite:ogl:modena_alfa_t_8_21.img.modena_alfa_t_8_21_0308	urn:cite:ogl:modena_alfa_t_8_21.folio.154v
urn:cite:ogl:modena_alfa_t_8_21.img.modena_alfa_t_8_21_0309	urn:cite:ogl:modena_alfa_t_8_21.folio.155r
urn:cite:ogl:modena_alfa_t_8_21.img.modena_alfa_t_8_21_0310	urn:cite:ogl:modena_alfa_t_8_21.folio.155v
urn:cite:ogl:modena_alfa_t_8_21.img.modena_alfa_t_8_21_0311	urn:cite:ogl:modena_alfa_t_8_21.folio.156r
urn:cite:ogl:modena_alfa_t_8_21.img.modena_alfa_t_8_21_0312	urn:cite:ogl:modena_alfa_t_8_21.folio.156v
urn:cite:ogl:modena_alfa_t_8_21.img.modena_alfa_t_8_21_0313	urn:cite:ogl:modena_alfa_t_8_21.folio.157r
urn:cite:ogl:modena_alfa_t_8_21.img.modena_alfa_t_8_21_0314	urn:cite:ogl:modena_alfa_t_8_21.folio.157v
urn:cite:ogl:modena_alfa_t_8_21.img.modena_alfa_t_8_21_0315	urn:cite:ogl:modena_alfa_t_8_21.folio.158r
urn:cite:ogl:modena_alfa_t_8_21.img.modena_alfa_t_8_21_0316	urn:cite:ogl:modena_alfa_t_8_21.folio.158v
urn:cite:ogl:modena_alfa_t_8_21.img.modena_alfa_t_8_21_0317	urn:cite:ogl:modena_alfa_t_8_21.folio.159r
urn:cite:ogl:modena_alfa_t_8_21.img.modena_alfa_t_8_21_0318	urn:cite:ogl:modena_alfa_t_8_21.folio.159v
urn:cite:ogl:modena_alfa_t_8_21.img.modena_alfa_t_8_21_0319	urn:cite:ogl:modena_alfa_t_8_21.folio.160r
urn:cite:ogl:modena_alfa_t_8_21.img.modena_alfa_t_8_21_0320	urn:cite:ogl:modena_alfa_t_8_21.folio.160v
urn:cite:ogl:modena_alfa_t_8_21.img.modena_alfa_t_8_21_0321	urn:cite:ogl:modena_alfa_t_8_21.folio.161r
urn:cite:ogl:modena_alfa_t_8_21.img.modena_alfa_t_8_21_0322	urn:cite:ogl:modena_alfa_t_8_21.folio.161v
urn:cite:ogl:modena_alfa_t_8_21.img.modena_alfa_t_8_21_0323	urn:cite:ogl:modena_alfa_t_8_21.folio.162r
urn:cite:ogl:modena_alfa_t_8_21.img.modena_alfa_t_8_21_0324	urn:cite:ogl:modena_alfa_t_8_21.folio.162v
urn:cite:ogl:modena_alfa_t_8_21.img.modena_alfa_t_8_21_0325	urn:cite:ogl:modena_alfa_t_8_21.folio.163r
urn:cite:ogl:modena_alfa_t_8_21.img.modena_alfa_t_8_21_0326	urn:cite:ogl:modena_alfa_t_8_21.folio.163v
urn:cite:ogl:modena_alfa_t_8_21.img.modena_alfa_t_8_21_0327	urn:cite:ogl:modena_alfa_t_8_21.folio.164r
urn:cite:ogl:modena_alfa_t_8_21.img.modena_alfa_t_8_21_0328	urn:cite:ogl:modena_alfa_t_8_21.folio.164v
urn:cite:ogl:modena_alfa_t_8_21.img.modena_alfa_t_8_21_0329	urn:cite:ogl:modena_alfa_t_8_21.folio.165r
urn:cite:ogl:modena_alfa_t_8_21.img.modena_alfa_t_8_21_0330	urn:cite:ogl:modena_alfa_t_8_21.folio.165v
urn:cite:ogl:modena_alfa_t_8_21.img.modena_alfa_t_8_21_0331	urn:cite:ogl:modena_alfa_t_8_21.folio.166r
urn:cite:ogl:modena_alfa_t_8_21.img.modena_alfa_t_8_21_0332	urn:cite:ogl:modena_alfa_t_8_21.folio.166v
urn:cite:ogl:modena_alfa_t_8_21.img.modena_alfa_t_8_21_0333	urn:cite:ogl:modena_alfa_t_8_21.folio.167r
urn:cite:ogl:modena_alfa_t_8_21.img.modena_alfa_t_8_21_0334	urn:cite:ogl:modena_alfa_t_8_21.folio.167v
urn:cite:ogl:modena_alfa_t_8_21.img.modena_alfa_t_8_21_0335	urn:cite:ogl:modena_alfa_t_8_21.folio.168r
urn:cite:ogl:modena_alfa_t_8_21.img.modena_alfa_t_8_21_0336	urn:cite:ogl:modena_alfa_t_8_21.folio.168v
urn:cite:ogl:modena_alfa_t_8_21.img.modena_alfa_t_8_21_0337	urn:cite:ogl:modena_alfa_t_8_21.folio.169r
urn:cite:ogl:modena_alfa_t_8_21.img.modena_alfa_t_8_21_0338	urn:cite:ogl:modena_alfa_t_8_21.folio.169v
urn:cite:ogl:modena_alfa_t_8_21.img.modena_alfa_t_8_21_0339	urn:cite:ogl:modena_alfa_t_8_21.folio.170r
urn:cite:ogl:modena_alfa_t_8_21.img.modena_alfa_t_8_21_0340	urn:cite:ogl:modena_alfa_t_8_21.folio.170v
urn:cite:ogl:modena_alfa_t_8_21.img.modena_alfa_t_8_21_0341	urn:cite:ogl:modena_alfa_t_8_21.folio.171r
urn:cite:ogl:modena_alfa_t_8_21.img.modena_alfa_t_8_21_0342	urn:cite:ogl:modena_alfa_t_8_21.folio.171v
urn:cite:ogl:modena_alfa_t_8_21.img.modena_alfa_t_8_21_0343	urn:cite:ogl:modena_alfa_t_8_21.folio.172r
urn:cite:ogl:modena_alfa_t_8_21.img.modena_alfa_t_8_21_0344	urn:cite:ogl:modena_alfa_t_8_21.folio.172v
urn:cite:ogl:modena_alfa_t_8_21.img.modena_alfa_t_8_21_0345	urn:cite:ogl:modena_alfa_t_8_21.folio.173r
urn:cite:ogl:modena_alfa_t_8_21.img.modena_alfa_t_8_21_0346	urn:cite:ogl:modena_alfa_t_8_21.folio.173v
urn:cite:ogl:modena_alfa_t_8_21.img.modena_alfa_t_8_21_0347	urn:cite:ogl:modena_alfa_t_8_21.folio.174r
urn:cite:ogl:modena_alfa_t_8_21.img.modena_alfa_t_8_21_0348	urn:cite:ogl:modena_alfa_t_8_21.folio.174v
urn:cite:ogl:modena_alfa_t_8_21.img.modena_alfa_t_8_21_0349	urn:cite:ogl:modena_alfa_t_8_21.folio.175r
urn:cite:ogl:modena_alfa_t_8_21.img.modena_alfa_t_8_21_0350	urn:cite:ogl:modena_alfa_t_8_21.folio.175v
urn:cite:ogl:modena_alfa_t_8_21.img.modena_alfa_t_8_21_0351	urn:cite:ogl:modena_alfa_t_8_21.folio.176r
urn:cite:ogl:modena_alfa_t_8_21.img.modena_alfa_t_8_21_0352	urn:cite:ogl:modena_alfa_t_8_21.folio.176v
urn:cite:ogl:modena_alfa_t_8_21.img.modena_alfa_t_8_21_0353	urn:cite:ogl:modena_alfa_t_8_21.folio.177r
urn:cite:ogl:modena_alfa_t_8_21.img.modena_alfa_t_8_21_0354	urn:cite:ogl:modena_alfa_t_8_21.folio.177v
urn:cite:ogl:modena_alfa_t_8_21.img.modena_alfa_t_8_21_0355	urn:cite:ogl:modena_alfa_t_8_21.folio.178r
urn:cite:ogl:modena_alfa_t_8_21.img.modena_alfa_t_8_21_0356	urn:cite:ogl:modena_alfa_t_8_21.folio.178v
urn:cite:ogl:modena_alfa_t_8_21.img.modena_alfa_t_8_21_0357	urn:cite:ogl:modena_alfa_t_8_21.folio.179r
urn:cite:ogl:modena_alfa_t_8_21.img.modena_alfa_t_8_21_0358	urn:cite:ogl:modena_alfa_t_8_21.folio.179v
urn:cite:ogl:modena_alfa_t_8_21.img.modena_alfa_t_8_21_0359	urn:cite:ogl:modena_alfa_t_8_21.folio.180r
urn:cite:ogl:modena_alfa_t_8_21.img.modena_alfa_t_8_21_0360	urn:cite:ogl:modena_alfa_t_8_21.folio.180v
urn:cite:ogl:modena_alfa_t_8_21.img.modena_alfa_t_8_21_0361	urn:cite:ogl:modena_alfa_t_8_21.folio.181r
urn:cite:ogl:modena_alfa_t_8_21.img.modena_alfa_t_8_21_0362	urn:cite:ogl:modena_alfa_t_8_21.folio.181v
urn:cite:ogl:modena_alfa_t_8_21.img.modena_alfa_t_8_21_0363	urn:cite:ogl:modena_alfa_t_8_21.folio.182r
urn:cite:ogl:modena_alfa_t_8_21.img.modena_alfa_t_8_21_0364	urn:cite:ogl:modena_alfa_t_8_21.folio.182v
urn:cite:ogl:modena_alfa_t_8_21.img.modena_alfa_t_8_21_0365	urn:cite:ogl:modena_alfa_t_8_21.folio.183r
urn:cite:ogl:modena_alfa_t_8_21.img.modena_alfa_t_8_21_0366	urn:cite:ogl:modena_alfa_t_8_21.folio.183v
urn:cite:ogl:modena_alfa_t_8_21.img.modena_alfa_t_8_21_0367	urn:cite:ogl:modena_alfa_t_8_21.folio.184r
urn:cite:ogl:modena_alfa_t_8_21.img.modena_alfa_t_8_21_0368	urn:cite:ogl:modena_alfa_t_8_21.folio.184v
urn:cite:ogl:modena_alfa_t_8_21.img.modena_alfa_t_8_21_0369	urn:cite:ogl:modena_alfa_t_8_21.folio.185r
urn:cite:ogl:modena_alfa_t_8_21.img.modena_alfa_t_8_21_0370	urn:cite:ogl:modena_alfa_t_8_21.folio.185v
urn:cite:ogl:modena_alfa_t_8_21.img.modena_alfa_t_8_21_0371	urn:cite:ogl:modena_alfa_t_8_21.folio.186r
urn:cite:ogl:modena_alfa_t_8_21.img.modena_alfa_t_8_21_0372	urn:cite:ogl:modena_alfa_t_8_21.folio.186v
urn:cite:ogl:modena_alfa_t_8_21.img.modena_alfa_t_8_21_0373	urn:cite:ogl:modena_alfa_t_8_21.folio.187r
urn:cite:ogl:modena_alfa_t_8_21.img.modena_alfa_t_8_21_0374	urn:cite:ogl:modena_alfa_t_8_21.folio.187v
urn:cite:ogl:modena_alfa_t_8_21.img.modena_alfa_t_8_21_0375	urn:cite:ogl:modena_alfa_t_8_21.folio.188r
urn:cite:ogl:modena_alfa_t_8_21.img.modena_alfa_t_8_21_0376	urn:cite:ogl:modena_alfa_t_8_21.folio.188v
urn:cite:ogl:modena_alfa_t_8_21.img.modena_alfa_t_8_21_0377	urn:cite:ogl:modena_alfa_t_8_21.folio.189r
urn:cite:ogl:modena_alfa_t_8_21.img.modena_alfa_t_8_21_0378	urn:cite:ogl:modena_alfa_t_8_21.folio.189v
urn:cite:ogl:modena_alfa_t_8_21.img.modena_alfa_t_8_21_0379	urn:cite:ogl:modena_alfa_t_8_21.folio.190r
urn:cite:ogl:modena_alfa_t_8_21.img.modena_alfa_t_8_21_0380	urn:cite:ogl:modena_alfa_t_8_21.folio.190v
urn:cite:ogl:modena_alfa_t_8_21.img.modena_alfa_t_8_21_0381	urn:cite:ogl:modena_alfa_t_8_21.folio.191r
urn:cite:ogl:modena_alfa_t_8_21.img.modena_alfa_t_8_21_0382	urn:cite:ogl:modena_alfa_t_8_21.folio.191v
urn:cite:ogl:modena_alfa_t_8_21.img.modena_alfa_t_8_21_0383	urn:cite:ogl:modena_alfa_t_8_21.folio.192r
urn:cite:ogl:modena_alfa_t_8_21.img.modena_alfa_t_8_21_0384	urn:cite:ogl:modena_alfa_t_8_21.folio.192v
urn:cite:ogl:modena_alfa_t_8_21.img.modena_alfa_t_8_21_0385	urn:cite:ogl:modena_alfa_t_8_21.folio.193r
urn:cite:ogl:modena_alfa_t_8_21.img.modena_alfa_t_8_21_0386	urn:cite:ogl:modena_alfa_t_8_21.folio.193v
urn:cite:ogl:modena_alfa_t_8_21.img.modena_alfa_t_8_21_0387	urn:cite:ogl:modena_alfa_t_8_21.folio.194r
urn:cite:ogl:modena_alfa_t_8_21.img.modena_alfa_t_8_21_0388	urn:cite:ogl:modena_alfa_t_8_21.folio.194v
urn:cite:ogl:modena_alfa_t_8_21.img.modena_alfa_t_8_21_0389	urn:cite:ogl:modena_alfa_t_8_21.folio.195r
urn:cite:ogl:modena_alfa_t_8_21.img.modena_alfa_t_8_21_0390	urn:cite:ogl:modena_alfa_t_8_21.folio.195v
urn:cite:ogl:modena_alfa_t_8_21.img.modena_alfa_t_8_21_0391	urn:cite:ogl:modena_alfa_t_8_21.folio.196r
urn:cite:ogl:modena_alfa_t_8_21.img.modena_alfa_t_8_21_0392	urn:cite:ogl:modena_alfa_t_8_21.folio.196v
urn:cite:ogl:modena_alfa_t_8_21.img.modena_alfa_t_8_21_0393	urn:cite:ogl:modena_alfa_t_8_21.folio.197r
urn:cite:ogl:modena_alfa_t_8_21.img.modena_alfa_t_8_21_0394	urn:cite:ogl:modena_alfa_t_8_21.folio.197v
urn:cite:ogl:modena_alfa_t_8_21.img.modena_alfa_t_8_21_0395	urn:cite:ogl:modena_alfa_t_8_21.folio.198r
urn:cite:ogl:modena_alfa_t_8_21.img.modena_alfa_t_8_21_0396	urn:cite:ogl:modena_alfa_t_8_21.folio.198v
urn:cite:ogl:modena_alfa_t_8_21.img.modena_alfa_t_8_21_0397	urn:cite:ogl:modena_alfa_t_8_21.folio.199r
urn:cite:ogl:modena_alfa_t_8_21.img.modena_alfa_t_8_21_0398	urn:cite:ogl:modena_alfa_t_8_21.folio.199v
urn:cite:ogl:modena_alfa_t_8_21.img.modena_alfa_t_8_21_0399	urn:cite:ogl:modena_alfa_t_8_21.folio.200r
urn:cite:ogl:modena_alfa_t_8_21.img.modena_alfa_t_8_21_0400	urn:cite:ogl:modena_alfa_t_8_21.folio.200v
urn:cite:ogl:modena_alfa_t_8_21.img.modena_alfa_t_8_21_0401	urn:cite:ogl:modena_alfa_t_8_21.folio.201r
urn:cite:ogl:modena_alfa_t_8_21.img.modena_alfa_t_8_21_0402	urn:cite:ogl:modena_alfa_t_8_21.folio.201v
urn:cite:ogl:modena_alfa_t_8_21.img.modena_alfa_t_8_21_0403	urn:cite:ogl:modena_alfa_t_8_21.folio.202r
urn:cite:ogl:modena_alfa_t_8_21.img.modena_alfa_t_8_21_0404	urn:cite:ogl:modena_alfa_t_8_21.folio.202v
urn:cite:ogl:modena_alfa_t_8_21.img.modena_alfa_t_8_21_0405	urn:cite:ogl:modena_alfa_t_8_21.folio.203r
urn:cite:ogl:modena_alfa_t_8_21.img.modena_alfa_t_8_21_0406	urn:cite:ogl:modena_alfa_t_8_21.folio.203v
urn:cite:ogl:modena_alfa_t_8_21.img.modena_alfa_t_8_21_0407	urn:cite:ogl:modena_alfa_t_8_21.folio.204r
urn:cite:ogl:modena_alfa_t_8_21.img.modena_alfa_t_8_21_0408	urn:cite:ogl:modena_alfa_t_8_21.folio.204v
urn:cite:ogl:modena_alfa_t_8_21.img.modena_alfa_t_8_21_0409	urn:cite:ogl:modena_alfa_t_8_21.folio.205r
urn:cite:ogl:modena_alfa_t_8_21.img.modena_alfa_t_8_21_0410	urn:cite:ogl:modena_alfa_t_8_21.folio.205v
urn:cite:ogl:modena_alfa_t_8_21.img.modena_alfa_t_8_21_0411	urn:cite:ogl:modena_alfa_t_8_21.folio.206r
urn:cite:ogl:modena_alfa_t_8_21.img.modena_alfa_t_8_21_0412	urn:cite:ogl:modena_alfa_t_8_21.folio.206v
urn:cite:ogl:modena_alfa_t_8_21.img.modena_alfa_t_8_21_0413	urn:cite:ogl:modena_alfa_t_8_21.folio.207r
urn:cite:ogl:modena_alfa_t_8_21.img.modena_alfa_t_8_21_0414	urn:cite:ogl:modena_alfa_t_8_21.folio.207v
urn:cite:ogl:modena_alfa_t_8_21.img.modena_alfa_t_8_21_0415	urn:cite:ogl:modena_alfa_t_8_21.folio.208r
urn:cite:ogl:modena_alfa_t_8_21.img.modena_alfa_t_8_21_0416	urn:cite:ogl:modena_alfa_t_8_21.folio.208v
urn:cite:ogl:modena_alfa_t_8_21.img.modena_alfa_t_8_21_0417	urn:cite:ogl:modena_alfa_t_8_21.folio.209r
urn:cite:ogl:modena_alfa_t_8_21.img.modena_alfa_t_8_21_0418	urn:cite:ogl:modena_alfa_t_8_21.folio.209v
urn:cite:ogl:modena_alfa_t_8_21.img.modena_alfa_t_8_21_0419	urn:cite:ogl:modena_alfa_t_8_21.folio.210r
urn:cite:ogl:modena_alfa_t_8_21.img.modena_alfa_t_8_21_0420	urn:cite:ogl:modena_alfa_t_8_21.folio.210v
urn:cite:ogl:modena_alfa_t_8_21.img.modena_alfa_t_8_21_0421	urn:cite:ogl:modena_alfa_t_8_21.folio.211r
urn:cite:ogl:modena_alfa_t_8_21.img.modena_alfa_t_8_21_0422	urn:cite:ogl:modena_alfa_t_8_21.folio.211v
urn:cite:ogl:modena_alfa_t_8_21.img.modena_alfa_t_8_21_0423	urn:cite:ogl:modena_alfa_t_8_21.folio.212r
urn:cite:ogl:modena_alfa_t_8_21.img.modena_alfa_t_8_21_0424	urn:cite:ogl:modena_alfa_t_8_21.folio.212v
urn:cite:ogl:modena_alfa_t_8_21.img.modena_alfa_t_8_21_0425	urn:cite:ogl:modena_alfa_t_8_21.folio.213r
urn:cite:ogl:modena_alfa_t_8_21.img.modena_alfa_t_8_21_0426	urn:cite:ogl:modena_alfa_t_8_21.folio.213v
urn:cite:ogl:modena_alfa_t_8_21.img.modena_alfa_t_8_21_0427	urn:cite:ogl:modena_alfa_t_8_21.folio.214r
urn:cite:ogl:modena_alfa_t_8_21.img.modena_alfa_t_8_21_0428	urn:cite:ogl:modena_alfa_t_8_21.folio.214v
urn:cite:ogl:modena_alfa_t_8_21.img.modena_alfa_t_8_21_0429	urn:cite:ogl:modena_alfa_t_8_21.folio.215r
urn:cite:ogl:modena_alfa_t_8_21.img.modena_alfa_t_8_21_0430	urn:cite:ogl:modena_alfa_t_8_21.folio.215v
urn:cite:ogl:modena_alfa_t_8_21.img.modena_alfa_t_8_21_0431	urn:cite:ogl:modena_alfa_t_8_21.folio.216r
urn:cite:ogl:modena_alfa_t_8_21.img.modena_alfa_t_8_21_0432	urn:cite:ogl:modena_alfa_t_8_21.folio.216v
