image URN	page URN
urn:cite:ogl:1883grclat1_v2.img.heiberg_1884_v2_1_0028	urn:cite:ogl:1883grclat1_v2.page.1
urn:cite:ogl:1883grclat1_v2.img.heiberg_1884_v2_1_0029	urn:cite:ogl:1883grclat1_v2.page.2
urn:cite:ogl:1883grclat1_v2.img.heiberg_1884_v2_1_0030	urn:cite:ogl:1883grclat1_v2.page.3
urn:cite:ogl:1883grclat1_v2.img.heiberg_1884_v2_1_0031	urn:cite:ogl:1883grclat1_v2.page.4
urn:cite:ogl:1883grclat1_v2.img.heiberg_1884_v2_1_0032	urn:cite:ogl:1883grclat1_v2.page.5
urn:cite:ogl:1883grclat1_v2.img.heiberg_1884_v2_1_0033	urn:cite:ogl:1883grclat1_v2.page.6
urn:cite:ogl:1883grclat1_v2.img.heiberg_1884_v2_1_0034	urn:cite:ogl:1883grclat1_v2.page.7
urn:cite:ogl:1883grclat1_v2.img.heiberg_1884_v2_1_0035	urn:cite:ogl:1883grclat1_v2.page.8
urn:cite:ogl:1883grclat1_v2.img.heiberg_1884_v2_1_0036	urn:cite:ogl:1883grclat1_v2.page.9
urn:cite:ogl:1883grclat1_v2.img.heiberg_1884_v2_1_0037	urn:cite:ogl:1883grclat1_v2.page.10
urn:cite:ogl:1883grclat1_v2.img.heiberg_1884_v2_1_0038	urn:cite:ogl:1883grclat1_v2.page.11
urn:cite:ogl:1883grclat1_v2.img.heiberg_1884_v2_1_0039	urn:cite:ogl:1883grclat1_v2.page.12
urn:cite:ogl:1883grclat1_v2.img.heiberg_1884_v2_1_0040	urn:cite:ogl:1883grclat1_v2.page.13
urn:cite:ogl:1883grclat1_v2.img.heiberg_1884_v2_1_0041	urn:cite:ogl:1883grclat1_v2.page.14
urn:cite:ogl:1883grclat1_v2.img.heiberg_1884_v2_1_0042	urn:cite:ogl:1883grclat1_v2.page.15
urn:cite:ogl:1883grclat1_v2.img.heiberg_1884_v2_1_0043	urn:cite:ogl:1883grclat1_v2.page.16
urn:cite:ogl:1883grclat1_v2.img.heiberg_1884_v2_1_0044	urn:cite:ogl:1883grclat1_v2.page.17
urn:cite:ogl:1883grclat1_v2.img.heiberg_1884_v2_1_0045	urn:cite:ogl:1883grclat1_v2.page.18
urn:cite:ogl:1883grclat1_v2.img.heiberg_1884_v2_1_0046	urn:cite:ogl:1883grclat1_v2.page.19
urn:cite:ogl:1883grclat1_v2.img.heiberg_1884_v2_1_0047	urn:cite:ogl:1883grclat1_v2.page.20
urn:cite:ogl:1883grclat1_v2.img.heiberg_1884_v2_1_0048	urn:cite:ogl:1883grclat1_v2.page.21
urn:cite:ogl:1883grclat1_v2.img.heiberg_1884_v2_1_0049	urn:cite:ogl:1883grclat1_v2.page.22
urn:cite:ogl:1883grclat1_v2.img.heiberg_1884_v2_1_0050	urn:cite:ogl:1883grclat1_v2.page.23
urn:cite:ogl:1883grclat1_v2.img.heiberg_1884_v2_1_0051	urn:cite:ogl:1883grclat1_v2.page.24
urn:cite:ogl:1883grclat1_v2.img.heiberg_1884_v2_1_0052	urn:cite:ogl:1883grclat1_v2.page.25
urn:cite:ogl:1883grclat1_v2.img.heiberg_1884_v2_1_0053	urn:cite:ogl:1883grclat1_v2.page.26
urn:cite:ogl:1883grclat1_v2.img.heiberg_1884_v2_1_0054	urn:cite:ogl:1883grclat1_v2.page.27
urn:cite:ogl:1883grclat1_v2.img.heiberg_1884_v2_1_0055	urn:cite:ogl:1883grclat1_v2.page.28
urn:cite:ogl:1883grclat1_v2.img.heiberg_1884_v2_1_0056	urn:cite:ogl:1883grclat1_v2.page.29
urn:cite:ogl:1883grclat1_v2.img.heiberg_1884_v2_1_0057	urn:cite:ogl:1883grclat1_v2.page.30
urn:cite:ogl:1883grclat1_v2.img.heiberg_1884_v2_1_0058	urn:cite:ogl:1883grclat1_v2.page.31
urn:cite:ogl:1883grclat1_v2.img.heiberg_1884_v2_1_0059	urn:cite:ogl:1883grclat1_v2.page.32
urn:cite:ogl:1883grclat1_v2.img.heiberg_1884_v2_1_0060	urn:cite:ogl:1883grclat1_v2.page.33
urn:cite:ogl:1883grclat1_v2.img.heiberg_1884_v2_1_0061	urn:cite:ogl:1883grclat1_v2.page.34
urn:cite:ogl:1883grclat1_v2.img.heiberg_1884_v2_1_0062	urn:cite:ogl:1883grclat1_v2.page.35
urn:cite:ogl:1883grclat1_v2.img.heiberg_1884_v2_1_0063	urn:cite:ogl:1883grclat1_v2.page.36
urn:cite:ogl:1883grclat1_v2.img.heiberg_1884_v2_1_0064	urn:cite:ogl:1883grclat1_v2.page.37
urn:cite:ogl:1883grclat1_v2.img.heiberg_1884_v2_1_0065	urn:cite:ogl:1883grclat1_v2.page.38
urn:cite:ogl:1883grclat1_v2.img.heiberg_1884_v2_1_0066	urn:cite:ogl:1883grclat1_v2.page.39
urn:cite:ogl:1883grclat1_v2.img.heiberg_1884_v2_1_0067	urn:cite:ogl:1883grclat1_v2.page.40
urn:cite:ogl:1883grclat1_v2.img.heiberg_1884_v2_1_0068	urn:cite:ogl:1883grclat1_v2.page.41
urn:cite:ogl:1883grclat1_v2.img.heiberg_1884_v2_1_0069	urn:cite:ogl:1883grclat1_v2.page.42
urn:cite:ogl:1883grclat1_v2.img.heiberg_1884_v2_1_0070	urn:cite:ogl:1883grclat1_v2.page.43
urn:cite:ogl:1883grclat1_v2.img.heiberg_1884_v2_1_0071	urn:cite:ogl:1883grclat1_v2.page.44
urn:cite:ogl:1883grclat1_v2.img.heiberg_1884_v2_1_0072	urn:cite:ogl:1883grclat1_v2.page.45
urn:cite:ogl:1883grclat1_v2.img.heiberg_1884_v2_1_0073	urn:cite:ogl:1883grclat1_v2.page.46
urn:cite:ogl:1883grclat1_v2.img.heiberg_1884_v2_1_0074	urn:cite:ogl:1883grclat1_v2.page.47
urn:cite:ogl:1883grclat1_v2.img.heiberg_1884_v2_1_0075	urn:cite:ogl:1883grclat1_v2.page.48
urn:cite:ogl:1883grclat1_v2.img.heiberg_1884_v2_1_0076	urn:cite:ogl:1883grclat1_v2.page.49
urn:cite:ogl:1883grclat1_v2.img.heiberg_1884_v2_1_0077	urn:cite:ogl:1883grclat1_v2.page.50
urn:cite:ogl:1883grclat1_v2.img.heiberg_1884_v2_1_0078	urn:cite:ogl:1883grclat1_v2.page.51
urn:cite:ogl:1883grclat1_v2.img.heiberg_1884_v2_1_0079	urn:cite:ogl:1883grclat1_v2.page.52
urn:cite:ogl:1883grclat1_v2.img.heiberg_1884_v2_1_0080	urn:cite:ogl:1883grclat1_v2.page.53
urn:cite:ogl:1883grclat1_v2.img.heiberg_1884_v2_1_0081	urn:cite:ogl:1883grclat1_v2.page.54
urn:cite:ogl:1883grclat1_v2.img.heiberg_1884_v2_1_0082	urn:cite:ogl:1883grclat1_v2.page.55
urn:cite:ogl:1883grclat1_v2.img.heiberg_1884_v2_1_0083	urn:cite:ogl:1883grclat1_v2.page.56
urn:cite:ogl:1883grclat1_v2.img.heiberg_1884_v2_1_0084	urn:cite:ogl:1883grclat1_v2.page.57
urn:cite:ogl:1883grclat1_v2.img.heiberg_1884_v2_1_0085	urn:cite:ogl:1883grclat1_v2.page.58
urn:cite:ogl:1883grclat1_v2.img.heiberg_1884_v2_1_0086	urn:cite:ogl:1883grclat1_v2.page.59
urn:cite:ogl:1883grclat1_v2.img.heiberg_1884_v2_1_0087	urn:cite:ogl:1883grclat1_v2.page.60
urn:cite:ogl:1883grclat1_v2.img.heiberg_1884_v2_1_0088	urn:cite:ogl:1883grclat1_v2.page.61
urn:cite:ogl:1883grclat1_v2.img.heiberg_1884_v2_1_0089	urn:cite:ogl:1883grclat1_v2.page.62
urn:cite:ogl:1883grclat1_v2.img.heiberg_1884_v2_1_0090	urn:cite:ogl:1883grclat1_v2.page.63
urn:cite:ogl:1883grclat1_v2.img.heiberg_1884_v2_1_0091	urn:cite:ogl:1883grclat1_v2.page.64
urn:cite:ogl:1883grclat1_v2.img.heiberg_1884_v2_1_0092	urn:cite:ogl:1883grclat1_v2.page.65
urn:cite:ogl:1883grclat1_v2.img.heiberg_1884_v2_1_0093	urn:cite:ogl:1883grclat1_v2.page.66
urn:cite:ogl:1883grclat1_v2.img.heiberg_1884_v2_1_0094	urn:cite:ogl:1883grclat1_v2.page.67
urn:cite:ogl:1883grclat1_v2.img.heiberg_1884_v2_1_0095	urn:cite:ogl:1883grclat1_v2.page.68
urn:cite:ogl:1883grclat1_v2.img.heiberg_1884_v2_1_0096	urn:cite:ogl:1883grclat1_v2.page.69
urn:cite:ogl:1883grclat1_v2.img.heiberg_1884_v2_1_0097	urn:cite:ogl:1883grclat1_v2.page.70
urn:cite:ogl:1883grclat1_v2.img.heiberg_1884_v2_1_0098	urn:cite:ogl:1883grclat1_v2.page.71
urn:cite:ogl:1883grclat1_v2.img.heiberg_1884_v2_1_0099	urn:cite:ogl:1883grclat1_v2.page.72
urn:cite:ogl:1883grclat1_v2.img.heiberg_1884_v2_1_0100	urn:cite:ogl:1883grclat1_v2.page.73
urn:cite:ogl:1883grclat1_v2.img.heiberg_1884_v2_1_0101	urn:cite:ogl:1883grclat1_v2.page.74
urn:cite:ogl:1883grclat1_v2.img.heiberg_1884_v2_1_0102	urn:cite:ogl:1883grclat1_v2.page.75
urn:cite:ogl:1883grclat1_v2.img.heiberg_1884_v2_1_0103	urn:cite:ogl:1883grclat1_v2.page.76
urn:cite:ogl:1883grclat1_v2.img.heiberg_1884_v2_1_0104	urn:cite:ogl:1883grclat1_v2.page.77
urn:cite:ogl:1883grclat1_v2.img.heiberg_1884_v2_1_0105	urn:cite:ogl:1883grclat1_v2.page.78
urn:cite:ogl:1883grclat1_v2.img.heiberg_1884_v2_1_0106	urn:cite:ogl:1883grclat1_v2.page.79
urn:cite:ogl:1883grclat1_v2.img.heiberg_1884_v2_1_0107	urn:cite:ogl:1883grclat1_v2.page.80
urn:cite:ogl:1883grclat1_v2.img.heiberg_1884_v2_1_0108	urn:cite:ogl:1883grclat1_v2.page.81
urn:cite:ogl:1883grclat1_v2.img.heiberg_1884_v2_1_0109	urn:cite:ogl:1883grclat1_v2.page.82
urn:cite:ogl:1883grclat1_v2.img.heiberg_1884_v2_1_0110	urn:cite:ogl:1883grclat1_v2.page.83
urn:cite:ogl:1883grclat1_v2.img.heiberg_1884_v2_1_0111	urn:cite:ogl:1883grclat1_v2.page.84
urn:cite:ogl:1883grclat1_v2.img.heiberg_1884_v2_1_0112	urn:cite:ogl:1883grclat1_v2.page.85
urn:cite:ogl:1883grclat1_v2.img.heiberg_1884_v2_1_0113	urn:cite:ogl:1883grclat1_v2.page.86
urn:cite:ogl:1883grclat1_v2.img.heiberg_1884_v2_1_0114	urn:cite:ogl:1883grclat1_v2.page.87
urn:cite:ogl:1883grclat1_v2.img.heiberg_1884_v2_1_0115	urn:cite:ogl:1883grclat1_v2.page.88
urn:cite:ogl:1883grclat1_v2.img.heiberg_1884_v2_1_0116	urn:cite:ogl:1883grclat1_v2.page.89
urn:cite:ogl:1883grclat1_v2.img.heiberg_1884_v2_1_0117	urn:cite:ogl:1883grclat1_v2.page.90
urn:cite:ogl:1883grclat1_v2.img.heiberg_1884_v2_1_0118	urn:cite:ogl:1883grclat1_v2.page.91
urn:cite:ogl:1883grclat1_v2.img.heiberg_1884_v2_1_0119	urn:cite:ogl:1883grclat1_v2.page.92
urn:cite:ogl:1883grclat1_v2.img.heiberg_1884_v2_1_0120	urn:cite:ogl:1883grclat1_v2.page.93
urn:cite:ogl:1883grclat1_v2.img.heiberg_1884_v2_1_0121	urn:cite:ogl:1883grclat1_v2.page.94
urn:cite:ogl:1883grclat1_v2.img.heiberg_1884_v2_1_0122	urn:cite:ogl:1883grclat1_v2.page.95
urn:cite:ogl:1883grclat1_v2.img.heiberg_1884_v2_1_0123	urn:cite:ogl:1883grclat1_v2.page.96
urn:cite:ogl:1883grclat1_v2.img.heiberg_1884_v2_1_0124	urn:cite:ogl:1883grclat1_v2.page.97
urn:cite:ogl:1883grclat1_v2.img.heiberg_1884_v2_1_0125	urn:cite:ogl:1883grclat1_v2.page.98
urn:cite:ogl:1883grclat1_v2.img.heiberg_1884_v2_1_0126	urn:cite:ogl:1883grclat1_v2.page.99
urn:cite:ogl:1883grclat1_v2.img.heiberg_1884_v2_1_0127	urn:cite:ogl:1883grclat1_v2.page.100
urn:cite:ogl:1883grclat1_v2.img.heiberg_1884_v2_1_0128	urn:cite:ogl:1883grclat1_v2.page.101
urn:cite:ogl:1883grclat1_v2.img.heiberg_1884_v2_1_0129	urn:cite:ogl:1883grclat1_v2.page.102
urn:cite:ogl:1883grclat1_v2.img.heiberg_1884_v2_1_0130	urn:cite:ogl:1883grclat1_v2.page.103
urn:cite:ogl:1883grclat1_v2.img.heiberg_1884_v2_1_0131	urn:cite:ogl:1883grclat1_v2.page.104
urn:cite:ogl:1883grclat1_v2.img.heiberg_1884_v2_1_0132	urn:cite:ogl:1883grclat1_v2.page.105
urn:cite:ogl:1883grclat1_v2.img.heiberg_1884_v2_1_0133	urn:cite:ogl:1883grclat1_v2.page.106
urn:cite:ogl:1883grclat1_v2.img.heiberg_1884_v2_1_0134	urn:cite:ogl:1883grclat1_v2.page.107
urn:cite:ogl:1883grclat1_v2.img.heiberg_1884_v2_1_0135	urn:cite:ogl:1883grclat1_v2.page.108
urn:cite:ogl:1883grclat1_v2.img.heiberg_1884_v2_1_0136	urn:cite:ogl:1883grclat1_v2.page.109
urn:cite:ogl:1883grclat1_v2.img.heiberg_1884_v2_1_0137	urn:cite:ogl:1883grclat1_v2.page.110
urn:cite:ogl:1883grclat1_v2.img.heiberg_1884_v2_1_0138	urn:cite:ogl:1883grclat1_v2.page.111
urn:cite:ogl:1883grclat1_v2.img.heiberg_1884_v2_1_0139	urn:cite:ogl:1883grclat1_v2.page.112
urn:cite:ogl:1883grclat1_v2.img.heiberg_1884_v2_1_0140	urn:cite:ogl:1883grclat1_v2.page.113
urn:cite:ogl:1883grclat1_v2.img.heiberg_1884_v2_1_0141	urn:cite:ogl:1883grclat1_v2.page.114
urn:cite:ogl:1883grclat1_v2.img.heiberg_1884_v2_1_0142	urn:cite:ogl:1883grclat1_v2.page.115
urn:cite:ogl:1883grclat1_v2.img.heiberg_1884_v2_1_0143	urn:cite:ogl:1883grclat1_v2.page.116
urn:cite:ogl:1883grclat1_v2.img.heiberg_1884_v2_1_0144	urn:cite:ogl:1883grclat1_v2.page.117
urn:cite:ogl:1883grclat1_v2.img.heiberg_1884_v2_1_0145	urn:cite:ogl:1883grclat1_v2.page.118
urn:cite:ogl:1883grclat1_v2.img.heiberg_1884_v2_1_0146	urn:cite:ogl:1883grclat1_v2.page.119
urn:cite:ogl:1883grclat1_v2.img.heiberg_1884_v2_1_0147	urn:cite:ogl:1883grclat1_v2.page.120
urn:cite:ogl:1883grclat1_v2.img.heiberg_1884_v2_1_0148	urn:cite:ogl:1883grclat1_v2.page.121
urn:cite:ogl:1883grclat1_v2.img.heiberg_1884_v2_1_0149	urn:cite:ogl:1883grclat1_v2.page.122
urn:cite:ogl:1883grclat1_v2.img.heiberg_1884_v2_1_0150	urn:cite:ogl:1883grclat1_v2.page.123
urn:cite:ogl:1883grclat1_v2.img.heiberg_1884_v2_1_0151	urn:cite:ogl:1883grclat1_v2.page.124
urn:cite:ogl:1883grclat1_v2.img.heiberg_1884_v2_1_0152	urn:cite:ogl:1883grclat1_v2.page.125
urn:cite:ogl:1883grclat1_v2.img.heiberg_1884_v2_1_0153	urn:cite:ogl:1883grclat1_v2.page.126
urn:cite:ogl:1883grclat1_v2.img.heiberg_1884_v2_1_0154	urn:cite:ogl:1883grclat1_v2.page.127
urn:cite:ogl:1883grclat1_v2.img.heiberg_1884_v2_1_0155	urn:cite:ogl:1883grclat1_v2.page.128
urn:cite:ogl:1883grclat1_v2.img.heiberg_1884_v2_1_0156	urn:cite:ogl:1883grclat1_v2.page.129
urn:cite:ogl:1883grclat1_v2.img.heiberg_1884_v2_1_0157	urn:cite:ogl:1883grclat1_v2.page.130
urn:cite:ogl:1883grclat1_v2.img.heiberg_1884_v2_1_0158	urn:cite:ogl:1883grclat1_v2.page.131
urn:cite:ogl:1883grclat1_v2.img.heiberg_1884_v2_1_0159	urn:cite:ogl:1883grclat1_v2.page.132
urn:cite:ogl:1883grclat1_v2.img.heiberg_1884_v2_1_0160	urn:cite:ogl:1883grclat1_v2.page.133
urn:cite:ogl:1883grclat1_v2.img.heiberg_1884_v2_1_0161	urn:cite:ogl:1883grclat1_v2.page.134
urn:cite:ogl:1883grclat1_v2.img.heiberg_1884_v2_1_0162	urn:cite:ogl:1883grclat1_v2.page.135
urn:cite:ogl:1883grclat1_v2.img.heiberg_1884_v2_1_0163	urn:cite:ogl:1883grclat1_v2.page.136
urn:cite:ogl:1883grclat1_v2.img.heiberg_1884_v2_1_0164	urn:cite:ogl:1883grclat1_v2.page.137
urn:cite:ogl:1883grclat1_v2.img.heiberg_1884_v2_1_0165	urn:cite:ogl:1883grclat1_v2.page.138
urn:cite:ogl:1883grclat1_v2.img.heiberg_1884_v2_1_0166	urn:cite:ogl:1883grclat1_v2.page.139
urn:cite:ogl:1883grclat1_v2.img.heiberg_1884_v2_1_0167	urn:cite:ogl:1883grclat1_v2.page.140
urn:cite:ogl:1883grclat1_v2.img.heiberg_1884_v2_1_0168	urn:cite:ogl:1883grclat1_v2.page.141
urn:cite:ogl:1883grclat1_v2.img.heiberg_1884_v2_1_0169	urn:cite:ogl:1883grclat1_v2.page.142
urn:cite:ogl:1883grclat1_v2.img.heiberg_1884_v2_1_0170	urn:cite:ogl:1883grclat1_v2.page.143
urn:cite:ogl:1883grclat1_v2.img.heiberg_1884_v2_1_0171	urn:cite:ogl:1883grclat1_v2.page.144
urn:cite:ogl:1883grclat1_v2.img.heiberg_1884_v2_1_0172	urn:cite:ogl:1883grclat1_v2.page.145
urn:cite:ogl:1883grclat1_v2.img.heiberg_1884_v2_1_0173	urn:cite:ogl:1883grclat1_v2.page.146
urn:cite:ogl:1883grclat1_v2.img.heiberg_1884_v2_1_0174	urn:cite:ogl:1883grclat1_v2.page.147
urn:cite:ogl:1883grclat1_v2.img.heiberg_1884_v2_1_0175	urn:cite:ogl:1883grclat1_v2.page.148
urn:cite:ogl:1883grclat1_v2.img.heiberg_1884_v2_1_0176	urn:cite:ogl:1883grclat1_v2.page.149
urn:cite:ogl:1883grclat1_v2.img.heiberg_1884_v2_1_0177	urn:cite:ogl:1883grclat1_v2.page.150
urn:cite:ogl:1883grclat1_v2.img.heiberg_1884_v2_1_0178	urn:cite:ogl:1883grclat1_v2.page.151
urn:cite:ogl:1883grclat1_v2.img.heiberg_1884_v2_1_0179	urn:cite:ogl:1883grclat1_v2.page.152
urn:cite:ogl:1883grclat1_v2.img.heiberg_1884_v2_1_0180	urn:cite:ogl:1883grclat1_v2.page.153
urn:cite:ogl:1883grclat1_v2.img.heiberg_1884_v2_1_0181	urn:cite:ogl:1883grclat1_v2.page.154
urn:cite:ogl:1883grclat1_v2.img.heiberg_1884_v2_1_0182	urn:cite:ogl:1883grclat1_v2.page.155
urn:cite:ogl:1883grclat1_v2.img.heiberg_1884_v2_1_0183	urn:cite:ogl:1883grclat1_v2.page.156
urn:cite:ogl:1883grclat1_v2.img.heiberg_1884_v2_1_0184	urn:cite:ogl:1883grclat1_v2.page.157
urn:cite:ogl:1883grclat1_v2.img.heiberg_1884_v2_1_0185	urn:cite:ogl:1883grclat1_v2.page.158
urn:cite:ogl:1883grclat1_v2.img.heiberg_1884_v2_1_0186	urn:cite:ogl:1883grclat1_v2.page.159
urn:cite:ogl:1883grclat1_v2.img.heiberg_1884_v2_1_0187	urn:cite:ogl:1883grclat1_v2.page.160
urn:cite:ogl:1883grclat1_v2.img.heiberg_1884_v2_1_0188	urn:cite:ogl:1883grclat1_v2.page.161
urn:cite:ogl:1883grclat1_v2.img.heiberg_1884_v2_1_0189	urn:cite:ogl:1883grclat1_v2.page.162
urn:cite:ogl:1883grclat1_v2.img.heiberg_1884_v2_1_0190	urn:cite:ogl:1883grclat1_v2.page.163
urn:cite:ogl:1883grclat1_v2.img.heiberg_1884_v2_1_0191	urn:cite:ogl:1883grclat1_v2.page.164
urn:cite:ogl:1883grclat1_v2.img.heiberg_1884_v2_1_0192	urn:cite:ogl:1883grclat1_v2.page.165
urn:cite:ogl:1883grclat1_v2.img.heiberg_1884_v2_1_0193	urn:cite:ogl:1883grclat1_v2.page.166
urn:cite:ogl:1883grclat1_v2.img.heiberg_1884_v2_1_0194	urn:cite:ogl:1883grclat1_v2.page.167
urn:cite:ogl:1883grclat1_v2.img.heiberg_1884_v2_1_0195	urn:cite:ogl:1883grclat1_v2.page.168
urn:cite:ogl:1883grclat1_v2.img.heiberg_1884_v2_1_0196	urn:cite:ogl:1883grclat1_v2.page.169
urn:cite:ogl:1883grclat1_v2.img.heiberg_1884_v2_1_0197	urn:cite:ogl:1883grclat1_v2.page.170
urn:cite:ogl:1883grclat1_v2.img.heiberg_1884_v2_1_0198	urn:cite:ogl:1883grclat1_v2.page.171
urn:cite:ogl:1883grclat1_v2.img.heiberg_1884_v2_1_0199	urn:cite:ogl:1883grclat1_v2.page.172
urn:cite:ogl:1883grclat1_v2.img.heiberg_1884_v2_1_0200	urn:cite:ogl:1883grclat1_v2.page.173
urn:cite:ogl:1883grclat1_v2.img.heiberg_1884_v2_1_0201	urn:cite:ogl:1883grclat1_v2.page.174
urn:cite:ogl:1883grclat1_v2.img.heiberg_1884_v2_1_0202	urn:cite:ogl:1883grclat1_v2.page.175
urn:cite:ogl:1883grclat1_v2.img.heiberg_1884_v2_1_0203	urn:cite:ogl:1883grclat1_v2.page.176
urn:cite:ogl:1883grclat1_v2.img.heiberg_1884_v2_1_0204	urn:cite:ogl:1883grclat1_v2.page.177
urn:cite:ogl:1883grclat1_v2.img.heiberg_1884_v2_1_0205	urn:cite:ogl:1883grclat1_v2.page.178
urn:cite:ogl:1883grclat1_v2.img.heiberg_1884_v2_1_0206	urn:cite:ogl:1883grclat1_v2.page.179
urn:cite:ogl:1883grclat1_v2.img.heiberg_1884_v2_1_0207	urn:cite:ogl:1883grclat1_v2.page.180
urn:cite:ogl:1883grclat1_v2.img.heiberg_1884_v2_1_0208	urn:cite:ogl:1883grclat1_v2.page.181
urn:cite:ogl:1883grclat1_v2.img.heiberg_1884_v2_1_0209	urn:cite:ogl:1883grclat1_v2.page.182
urn:cite:ogl:1883grclat1_v2.img.heiberg_1884_v2_1_0210	urn:cite:ogl:1883grclat1_v2.page.183
urn:cite:ogl:1883grclat1_v2.img.heiberg_1884_v2_1_0211	urn:cite:ogl:1883grclat1_v2.page.184
urn:cite:ogl:1883grclat1_v2.img.heiberg_1884_v2_1_0212	urn:cite:ogl:1883grclat1_v2.page.185
urn:cite:ogl:1883grclat1_v2.img.heiberg_1884_v2_1_0213	urn:cite:ogl:1883grclat1_v2.page.186
urn:cite:ogl:1883grclat1_v2.img.heiberg_1884_v2_1_0214	urn:cite:ogl:1883grclat1_v2.page.187
urn:cite:ogl:1883grclat1_v2.img.heiberg_1884_v2_1_0215	urn:cite:ogl:1883grclat1_v2.page.188
urn:cite:ogl:1883grclat1_v2.img.heiberg_1884_v2_1_0216	urn:cite:ogl:1883grclat1_v2.page.189
urn:cite:ogl:1883grclat1_v2.img.heiberg_1884_v2_1_0217	urn:cite:ogl:1883grclat1_v2.page.190
urn:cite:ogl:1883grclat1_v2.img.heiberg_1884_v2_1_0218	urn:cite:ogl:1883grclat1_v2.page.191
urn:cite:ogl:1883grclat1_v2.img.heiberg_1884_v2_1_0219	urn:cite:ogl:1883grclat1_v2.page.192
urn:cite:ogl:1883grclat1_v2.img.heiberg_1884_v2_1_0220	urn:cite:ogl:1883grclat1_v2.page.193
urn:cite:ogl:1883grclat1_v2.img.heiberg_1884_v2_1_0221	urn:cite:ogl:1883grclat1_v2.page.194
urn:cite:ogl:1883grclat1_v2.img.heiberg_1884_v2_1_0222	urn:cite:ogl:1883grclat1_v2.page.195
urn:cite:ogl:1883grclat1_v2.img.heiberg_1884_v2_1_0223	urn:cite:ogl:1883grclat1_v2.page.196
urn:cite:ogl:1883grclat1_v2.img.heiberg_1884_v2_1_0224	urn:cite:ogl:1883grclat1_v2.page.197
urn:cite:ogl:1883grclat1_v2.img.heiberg_1884_v2_1_0225	urn:cite:ogl:1883grclat1_v2.page.198
urn:cite:ogl:1883grclat1_v2.img.heiberg_1884_v2_1_0226	urn:cite:ogl:1883grclat1_v2.page.199
urn:cite:ogl:1883grclat1_v2.img.heiberg_1884_v2_1_0227	urn:cite:ogl:1883grclat1_v2.page.200
urn:cite:ogl:1883grclat1_v2.img.heiberg_1884_v2_1_0228	urn:cite:ogl:1883grclat1_v2.page.201
urn:cite:ogl:1883grclat1_v2.img.heiberg_1884_v2_1_0229	urn:cite:ogl:1883grclat1_v2.page.202
urn:cite:ogl:1883grclat1_v2.img.heiberg_1884_v2_1_0230	urn:cite:ogl:1883grclat1_v2.page.203
urn:cite:ogl:1883grclat1_v2.img.heiberg_1884_v2_1_0231	urn:cite:ogl:1883grclat1_v2.page.204
urn:cite:ogl:1883grclat1_v2.img.heiberg_1884_v2_1_0232	urn:cite:ogl:1883grclat1_v2.page.205
urn:cite:ogl:1883grclat1_v2.img.heiberg_1884_v2_1_0233	urn:cite:ogl:1883grclat1_v2.page.206
urn:cite:ogl:1883grclat1_v2.img.heiberg_1884_v2_1_0234	urn:cite:ogl:1883grclat1_v2.page.207
urn:cite:ogl:1883grclat1_v2.img.heiberg_1884_v2_1_0235	urn:cite:ogl:1883grclat1_v2.page.208
urn:cite:ogl:1883grclat1_v2.img.heiberg_1884_v2_1_0236	urn:cite:ogl:1883grclat1_v2.page.209
urn:cite:ogl:1883grclat1_v2.img.heiberg_1884_v2_1_0237	urn:cite:ogl:1883grclat1_v2.page.210
urn:cite:ogl:1883grclat1_v2.img.heiberg_1884_v2_1_0238	urn:cite:ogl:1883grclat1_v2.page.211
urn:cite:ogl:1883grclat1_v2.img.heiberg_1884_v2_1_0239	urn:cite:ogl:1883grclat1_v2.page.212
urn:cite:ogl:1883grclat1_v2.img.heiberg_1884_v2_1_0240	urn:cite:ogl:1883grclat1_v2.page.213
urn:cite:ogl:1883grclat1_v2.img.heiberg_1884_v2_1_0241	urn:cite:ogl:1883grclat1_v2.page.214
urn:cite:ogl:1883grclat1_v2.img.heiberg_1884_v2_1_0242	urn:cite:ogl:1883grclat1_v2.page.215
urn:cite:ogl:1883grclat1_v2.img.heiberg_1884_v2_1_0243	urn:cite:ogl:1883grclat1_v2.page.216
urn:cite:ogl:1883grclat1_v2.img.heiberg_1884_v2_1_0244	urn:cite:ogl:1883grclat1_v2.page.217
urn:cite:ogl:1883grclat1_v2.img.heiberg_1884_v2_1_0245	urn:cite:ogl:1883grclat1_v2.page.218
urn:cite:ogl:1883grclat1_v2.img.heiberg_1884_v2_1_0246	urn:cite:ogl:1883grclat1_v2.page.219
urn:cite:ogl:1883grclat1_v2.img.heiberg_1884_v2_1_0247	urn:cite:ogl:1883grclat1_v2.page.220
urn:cite:ogl:1883grclat1_v2.img.heiberg_1884_v2_1_0248	urn:cite:ogl:1883grclat1_v2.page.221
urn:cite:ogl:1883grclat1_v2.img.heiberg_1884_v2_1_0249	urn:cite:ogl:1883grclat1_v2.page.222
urn:cite:ogl:1883grclat1_v2.img.heiberg_1884_v2_1_0250	urn:cite:ogl:1883grclat1_v2.page.223
urn:cite:ogl:1883grclat1_v2.img.heiberg_1884_v2_1_0251	urn:cite:ogl:1883grclat1_v2.page.224
urn:cite:ogl:1883grclat1_v2.img.heiberg_1884_v2_1_0252	urn:cite:ogl:1883grclat1_v2.page.225
urn:cite:ogl:1883grclat1_v2.img.heiberg_1884_v2_1_0253	urn:cite:ogl:1883grclat1_v2.page.226
urn:cite:ogl:1883grclat1_v2.img.heiberg_1884_v2_1_0254	urn:cite:ogl:1883grclat1_v2.page.227
urn:cite:ogl:1883grclat1_v2.img.heiberg_1884_v2_1_0255	urn:cite:ogl:1883grclat1_v2.page.228
urn:cite:ogl:1883grclat1_v2.img.heiberg_1884_v2_1_0256	urn:cite:ogl:1883grclat1_v2.page.229
urn:cite:ogl:1883grclat1_v2.img.heiberg_1884_v2_1_0257	urn:cite:ogl:1883grclat1_v2.page.230
urn:cite:ogl:1883grclat1_v2.img.heiberg_1884_v2_1_0258	urn:cite:ogl:1883grclat1_v2.page.231
urn:cite:ogl:1883grclat1_v2.img.heiberg_1884_v2_1_0259	urn:cite:ogl:1883grclat1_v2.page.232
urn:cite:ogl:1883grclat1_v2.img.heiberg_1884_v2_1_0260	urn:cite:ogl:1883grclat1_v2.page.233
urn:cite:ogl:1883grclat1_v2.img.heiberg_1884_v2_1_0261	urn:cite:ogl:1883grclat1_v2.page.234
urn:cite:ogl:1883grclat1_v2.img.heiberg_1884_v2_1_0262	urn:cite:ogl:1883grclat1_v2.page.235
urn:cite:ogl:1883grclat1_v2.img.heiberg_1884_v2_1_0263	urn:cite:ogl:1883grclat1_v2.page.236
urn:cite:ogl:1883grclat1_v2.img.heiberg_1884_v2_1_0264	urn:cite:ogl:1883grclat1_v2.page.237
urn:cite:ogl:1883grclat1_v2.img.heiberg_1884_v2_1_0265	urn:cite:ogl:1883grclat1_v2.page.238
urn:cite:ogl:1883grclat1_v2.img.heiberg_1884_v2_1_0266	urn:cite:ogl:1883grclat1_v2.page.239
urn:cite:ogl:1883grclat1_v2.img.heiberg_1884_v2_1_0267	urn:cite:ogl:1883grclat1_v2.page.240
urn:cite:ogl:1883grclat1_v2.img.heiberg_1884_v2_1_0268	urn:cite:ogl:1883grclat1_v2.page.241
urn:cite:ogl:1883grclat1_v2.img.heiberg_1884_v2_1_0269	urn:cite:ogl:1883grclat1_v2.page.242
urn:cite:ogl:1883grclat1_v2.img.heiberg_1884_v2_1_0270	urn:cite:ogl:1883grclat1_v2.page.243
urn:cite:ogl:1883grclat1_v2.img.heiberg_1884_v2_1_0271	urn:cite:ogl:1883grclat1_v2.page.244
urn:cite:ogl:1883grclat1_v2.img.heiberg_1884_v2_1_0272	urn:cite:ogl:1883grclat1_v2.page.245
urn:cite:ogl:1883grclat1_v2.img.heiberg_1884_v2_1_0273	urn:cite:ogl:1883grclat1_v2.page.246
urn:cite:ogl:1883grclat1_v2.img.heiberg_1884_v2_1_0274	urn:cite:ogl:1883grclat1_v2.page.247
urn:cite:ogl:1883grclat1_v2.img.heiberg_1884_v2_1_0275	urn:cite:ogl:1883grclat1_v2.page.248
urn:cite:ogl:1883grclat1_v2.img.heiberg_1884_v2_1_0276	urn:cite:ogl:1883grclat1_v2.page.249
urn:cite:ogl:1883grclat1_v2.img.heiberg_1884_v2_1_0277	urn:cite:ogl:1883grclat1_v2.page.250
urn:cite:ogl:1883grclat1_v2.img.heiberg_1884_v2_1_0278	urn:cite:ogl:1883grclat1_v2.page.251
urn:cite:ogl:1883grclat1_v2.img.heiberg_1884_v2_1_0279	urn:cite:ogl:1883grclat1_v2.page.252
urn:cite:ogl:1883grclat1_v2.img.heiberg_1884_v2_1_0280	urn:cite:ogl:1883grclat1_v2.page.253
urn:cite:ogl:1883grclat1_v2.img.heiberg_1884_v2_1_0281	urn:cite:ogl:1883grclat1_v2.page.254
urn:cite:ogl:1883grclat1_v2.img.heiberg_1884_v2_1_0282	urn:cite:ogl:1883grclat1_v2.page.255
urn:cite:ogl:1883grclat1_v2.img.heiberg_1884_v2_1_0283	urn:cite:ogl:1883grclat1_v2.page.256
urn:cite:ogl:1883grclat1_v2.img.heiberg_1884_v2_1_0284	urn:cite:ogl:1883grclat1_v2.page.257
urn:cite:ogl:1883grclat1_v2.img.heiberg_1884_v2_1_0285	urn:cite:ogl:1883grclat1_v2.page.258
urn:cite:ogl:1883grclat1_v2.img.heiberg_1884_v2_1_0286	urn:cite:ogl:1883grclat1_v2.page.259
urn:cite:ogl:1883grclat1_v2.img.heiberg_1884_v2_1_0287	urn:cite:ogl:1883grclat1_v2.page.260
urn:cite:ogl:1883grclat1_v2.img.heiberg_1884_v2_1_0288	urn:cite:ogl:1883grclat1_v2.page.261
urn:cite:ogl:1883grclat1_v2.img.heiberg_1884_v2_1_0289	urn:cite:ogl:1883grclat1_v2.page.262
urn:cite:ogl:1883grclat1_v2.img.heiberg_1884_v2_1_0290	urn:cite:ogl:1883grclat1_v2.page.263
urn:cite:ogl:1883grclat1_v2.img.heiberg_1884_v2_1_0291	urn:cite:ogl:1883grclat1_v2.page.264
urn:cite:ogl:1883grclat1_v2.img.heiberg_1884_v2_1_0292	urn:cite:ogl:1883grclat1_v2.page.265
urn:cite:ogl:1883grclat1_v2.img.heiberg_1884_v2_1_0293	urn:cite:ogl:1883grclat1_v2.page.266
urn:cite:ogl:1883grclat1_v2.img.heiberg_1884_v2_1_0294	urn:cite:ogl:1883grclat1_v2.page.267
urn:cite:ogl:1883grclat1_v2.img.heiberg_1884_v2_1_0295	urn:cite:ogl:1883grclat1_v2.page.268
urn:cite:ogl:1883grclat1_v2.img.heiberg_1884_v2_1_0296	urn:cite:ogl:1883grclat1_v2.page.269
urn:cite:ogl:1883grclat1_v2.img.heiberg_1884_v2_1_0297	urn:cite:ogl:1883grclat1_v2.page.270
urn:cite:ogl:1883grclat1_v2.img.heiberg_1884_v2_1_0298	urn:cite:ogl:1883grclat1_v2.page.271
urn:cite:ogl:1883grclat1_v2.img.heiberg_1884_v2_1_0299	urn:cite:ogl:1883grclat1_v2.page.272
urn:cite:ogl:1883grclat1_v2.img.heiberg_1884_v2_1_0300	urn:cite:ogl:1883grclat1_v2.page.273
urn:cite:ogl:1883grclat1_v2.img.heiberg_1884_v2_1_0301	urn:cite:ogl:1883grclat1_v2.page.274
urn:cite:ogl:1883grclat1_v2.img.heiberg_1884_v2_1_0302	urn:cite:ogl:1883grclat1_v2.page.275
urn:cite:ogl:1883grclat1_v2.img.heiberg_1884_v2_1_0303	urn:cite:ogl:1883grclat1_v2.page.276
urn:cite:ogl:1883grclat1_v2.img.heiberg_1884_v2_1_0304	urn:cite:ogl:1883grclat1_v2.page.277
urn:cite:ogl:1883grclat1_v2.img.heiberg_1884_v2_1_0305	urn:cite:ogl:1883grclat1_v2.page.278
urn:cite:ogl:1883grclat1_v2.img.heiberg_1884_v2_1_0306	urn:cite:ogl:1883grclat1_v2.page.279
urn:cite:ogl:1883grclat1_v2.img.heiberg_1884_v2_1_0307	urn:cite:ogl:1883grclat1_v2.page.280
urn:cite:ogl:1883grclat1_v2.img.heiberg_1884_v2_1_0308	urn:cite:ogl:1883grclat1_v2.page.281
urn:cite:ogl:1883grclat1_v2.img.heiberg_1884_v2_1_0309	urn:cite:ogl:1883grclat1_v2.page.282
urn:cite:ogl:1883grclat1_v2.img.heiberg_1884_v2_1_0310	urn:cite:ogl:1883grclat1_v2.page.283
urn:cite:ogl:1883grclat1_v2.img.heiberg_1884_v2_1_0311	urn:cite:ogl:1883grclat1_v2.page.284
urn:cite:ogl:1883grclat1_v2.img.heiberg_1884_v2_1_0312	urn:cite:ogl:1883grclat1_v2.page.285
urn:cite:ogl:1883grclat1_v2.img.heiberg_1884_v2_1_0313	urn:cite:ogl:1883grclat1_v2.page.286
urn:cite:ogl:1883grclat1_v2.img.heiberg_1884_v2_1_0314	urn:cite:ogl:1883grclat1_v2.page.287
urn:cite:ogl:1883grclat1_v2.img.heiberg_1884_v2_1_0315	urn:cite:ogl:1883grclat1_v2.page.288
urn:cite:ogl:1883grclat1_v2.img.heiberg_1884_v2_1_0316	urn:cite:ogl:1883grclat1_v2.page.289
urn:cite:ogl:1883grclat1_v2.img.heiberg_1884_v2_1_0317	urn:cite:ogl:1883grclat1_v2.page.290
urn:cite:ogl:1883grclat1_v2.img.heiberg_1884_v2_1_0318	urn:cite:ogl:1883grclat1_v2.page.291
urn:cite:ogl:1883grclat1_v2.img.heiberg_1884_v2_1_0319	urn:cite:ogl:1883grclat1_v2.page.292
urn:cite:ogl:1883grclat1_v2.img.heiberg_1884_v2_1_0320	urn:cite:ogl:1883grclat1_v2.page.293
urn:cite:ogl:1883grclat1_v2.img.heiberg_1884_v2_1_0321	urn:cite:ogl:1883grclat1_v2.page.294
urn:cite:ogl:1883grclat1_v2.img.heiberg_1884_v2_1_0322	urn:cite:ogl:1883grclat1_v2.page.295
urn:cite:ogl:1883grclat1_v2.img.heiberg_1884_v2_1_0323	urn:cite:ogl:1883grclat1_v2.page.296
urn:cite:ogl:1883grclat1_v2.img.heiberg_1884_v2_1_0324	urn:cite:ogl:1883grclat1_v2.page.297
urn:cite:ogl:1883grclat1_v2.img.heiberg_1884_v2_1_0325	urn:cite:ogl:1883grclat1_v2.page.298
urn:cite:ogl:1883grclat1_v2.img.heiberg_1884_v2_1_0326	urn:cite:ogl:1883grclat1_v2.page.299
urn:cite:ogl:1883grclat1_v2.img.heiberg_1884_v2_1_0327	urn:cite:ogl:1883grclat1_v2.page.300
urn:cite:ogl:1883grclat1_v2.img.heiberg_1884_v2_1_0328	urn:cite:ogl:1883grclat1_v2.page.301
urn:cite:ogl:1883grclat1_v2.img.heiberg_1884_v2_1_0329	urn:cite:ogl:1883grclat1_v2.page.302
urn:cite:ogl:1883grclat1_v2.img.heiberg_1884_v2_1_0330	urn:cite:ogl:1883grclat1_v2.page.303
urn:cite:ogl:1883grclat1_v2.img.heiberg_1884_v2_1_0331	urn:cite:ogl:1883grclat1_v2.page.304
urn:cite:ogl:1883grclat1_v2.img.heiberg_1884_v2_1_0332	urn:cite:ogl:1883grclat1_v2.page.305
urn:cite:ogl:1883grclat1_v2.img.heiberg_1884_v2_1_0333	urn:cite:ogl:1883grclat1_v2.page.306
urn:cite:ogl:1883grclat1_v2.img.heiberg_1884_v2_1_0334	urn:cite:ogl:1883grclat1_v2.page.307
urn:cite:ogl:1883grclat1_v2.img.heiberg_1884_v2_1_0335	urn:cite:ogl:1883grclat1_v2.page.308
urn:cite:ogl:1883grclat1_v2.img.heiberg_1884_v2_1_0336	urn:cite:ogl:1883grclat1_v2.page.309
urn:cite:ogl:1883grclat1_v2.img.heiberg_1884_v2_1_0337	urn:cite:ogl:1883grclat1_v2.page.310
urn:cite:ogl:1883grclat1_v2.img.heiberg_1884_v2_1_0338	urn:cite:ogl:1883grclat1_v2.page.311
urn:cite:ogl:1883grclat1_v2.img.heiberg_1884_v2_1_0339	urn:cite:ogl:1883grclat1_v2.page.312
urn:cite:ogl:1883grclat1_v2.img.heiberg_1884_v2_1_0340	urn:cite:ogl:1883grclat1_v2.page.313
urn:cite:ogl:1883grclat1_v2.img.heiberg_1884_v2_1_0341	urn:cite:ogl:1883grclat1_v2.page.314
urn:cite:ogl:1883grclat1_v2.img.heiberg_1884_v2_1_0342	urn:cite:ogl:1883grclat1_v2.page.315
urn:cite:ogl:1883grclat1_v2.img.heiberg_1884_v2_1_0343	urn:cite:ogl:1883grclat1_v2.page.316
urn:cite:ogl:1883grclat1_v2.img.heiberg_1884_v2_1_0344	urn:cite:ogl:1883grclat1_v2.page.317
urn:cite:ogl:1883grclat1_v2.img.heiberg_1884_v2_1_0345	urn:cite:ogl:1883grclat1_v2.page.318
urn:cite:ogl:1883grclat1_v2.img.heiberg_1884_v2_1_0346	urn:cite:ogl:1883grclat1_v2.page.319
urn:cite:ogl:1883grclat1_v2.img.heiberg_1884_v2_1_0347	urn:cite:ogl:1883grclat1_v2.page.320
urn:cite:ogl:1883grclat1_v2.img.heiberg_1884_v2_1_0348	urn:cite:ogl:1883grclat1_v2.page.321
urn:cite:ogl:1883grclat1_v2.img.heiberg_1884_v2_1_0349	urn:cite:ogl:1883grclat1_v2.page.322
urn:cite:ogl:1883grclat1_v2.img.heiberg_1884_v2_1_0350	urn:cite:ogl:1883grclat1_v2.page.323
urn:cite:ogl:1883grclat1_v2.img.heiberg_1884_v2_1_0351	urn:cite:ogl:1883grclat1_v2.page.324
urn:cite:ogl:1883grclat1_v2.img.heiberg_1884_v2_1_0352	urn:cite:ogl:1883grclat1_v2.page.325
urn:cite:ogl:1883grclat1_v2.img.heiberg_1884_v2_1_0353	urn:cite:ogl:1883grclat1_v2.page.326
urn:cite:ogl:1883grclat1_v2.img.heiberg_1884_v2_1_0354	urn:cite:ogl:1883grclat1_v2.page.327
urn:cite:ogl:1883grclat1_v2.img.heiberg_1884_v2_1_0355	urn:cite:ogl:1883grclat1_v2.page.328
urn:cite:ogl:1883grclat1_v2.img.heiberg_1884_v2_1_0356	urn:cite:ogl:1883grclat1_v2.page.329
urn:cite:ogl:1883grclat1_v2.img.heiberg_1884_v2_1_0357	urn:cite:ogl:1883grclat1_v2.page.330
urn:cite:ogl:1883grclat1_v2.img.heiberg_1884_v2_1_0358	urn:cite:ogl:1883grclat1_v2.page.331
urn:cite:ogl:1883grclat1_v2.img.heiberg_1884_v2_1_0359	urn:cite:ogl:1883grclat1_v2.page.332
urn:cite:ogl:1883grclat1_v2.img.heiberg_1884_v2_1_0360	urn:cite:ogl:1883grclat1_v2.page.333
urn:cite:ogl:1883grclat1_v2.img.heiberg_1884_v2_1_0361	urn:cite:ogl:1883grclat1_v2.page.334
urn:cite:ogl:1883grclat1_v2.img.heiberg_1884_v2_1_0362	urn:cite:ogl:1883grclat1_v2.page.335
urn:cite:ogl:1883grclat1_v2.img.heiberg_1884_v2_1_0363	urn:cite:ogl:1883grclat1_v2.page.336
urn:cite:ogl:1883grclat1_v2.img.heiberg_1884_v2_1_0364	urn:cite:ogl:1883grclat1_v2.page.337
urn:cite:ogl:1883grclat1_v2.img.heiberg_1884_v2_1_0365	urn:cite:ogl:1883grclat1_v2.page.338
urn:cite:ogl:1883grclat1_v2.img.heiberg_1884_v2_1_0366	urn:cite:ogl:1883grclat1_v2.page.339
urn:cite:ogl:1883grclat1_v2.img.heiberg_1884_v2_1_0367	urn:cite:ogl:1883grclat1_v2.page.340
urn:cite:ogl:1883grclat1_v2.img.heiberg_1884_v2_1_0368	urn:cite:ogl:1883grclat1_v2.page.341
urn:cite:ogl:1883grclat1_v2.img.heiberg_1884_v2_1_0369	urn:cite:ogl:1883grclat1_v2.page.342
urn:cite:ogl:1883grclat1_v2.img.heiberg_1884_v2_1_0370	urn:cite:ogl:1883grclat1_v2.page.343
urn:cite:ogl:1883grclat1_v2.img.heiberg_1884_v2_1_0371	urn:cite:ogl:1883grclat1_v2.page.344
urn:cite:ogl:1883grclat1_v2.img.heiberg_1884_v2_1_0372	urn:cite:ogl:1883grclat1_v2.page.345
urn:cite:ogl:1883grclat1_v2.img.heiberg_1884_v2_1_0373	urn:cite:ogl:1883grclat1_v2.page.346
urn:cite:ogl:1883grclat1_v2.img.heiberg_1884_v2_1_0374	urn:cite:ogl:1883grclat1_v2.page.347
urn:cite:ogl:1883grclat1_v2.img.heiberg_1884_v2_1_0375	urn:cite:ogl:1883grclat1_v2.page.348
urn:cite:ogl:1883grclat1_v2.img.heiberg_1884_v2_1_0376	urn:cite:ogl:1883grclat1_v2.page.349
urn:cite:ogl:1883grclat1_v2.img.heiberg_1884_v2_1_0377	urn:cite:ogl:1883grclat1_v2.page.350
urn:cite:ogl:1883grclat1_v2.img.heiberg_1884_v2_1_0378	urn:cite:ogl:1883grclat1_v2.page.351
urn:cite:ogl:1883grclat1_v2.img.heiberg_1884_v2_1_0379	urn:cite:ogl:1883grclat1_v2.page.352
urn:cite:ogl:1883grclat1_v2.img.heiberg_1884_v2_1_0380	urn:cite:ogl:1883grclat1_v2.page.353
urn:cite:ogl:1883grclat1_v2.img.heiberg_1884_v2_1_0381	urn:cite:ogl:1883grclat1_v2.page.354
urn:cite:ogl:1883grclat1_v2.img.heiberg_1884_v2_1_0382	urn:cite:ogl:1883grclat1_v2.page.355
urn:cite:ogl:1883grclat1_v2.img.heiberg_1884_v2_1_0383	urn:cite:ogl:1883grclat1_v2.page.356
urn:cite:ogl:1883grclat1_v2.img.heiberg_1884_v2_1_0384	urn:cite:ogl:1883grclat1_v2.page.357
urn:cite:ogl:1883grclat1_v2.img.heiberg_1884_v2_1_0385	urn:cite:ogl:1883grclat1_v2.page.358
urn:cite:ogl:1883grclat1_v2.img.heiberg_1884_v2_1_0386	urn:cite:ogl:1883grclat1_v2.page.359
urn:cite:ogl:1883grclat1_v2.img.heiberg_1884_v2_1_0387	urn:cite:ogl:1883grclat1_v2.page.360
urn:cite:ogl:1883grclat1_v2.img.heiberg_1884_v2_1_0388	urn:cite:ogl:1883grclat1_v2.page.361
urn:cite:ogl:1883grclat1_v2.img.heiberg_1884_v2_1_0389	urn:cite:ogl:1883grclat1_v2.page.362
urn:cite:ogl:1883grclat1_v2.img.heiberg_1884_v2_1_0390	urn:cite:ogl:1883grclat1_v2.page.363
urn:cite:ogl:1883grclat1_v2.img.heiberg_1884_v2_1_0391	urn:cite:ogl:1883grclat1_v2.page.364
urn:cite:ogl:1883grclat1_v2.img.heiberg_1884_v2_1_0392	urn:cite:ogl:1883grclat1_v2.page.365
urn:cite:ogl:1883grclat1_v2.img.heiberg_1884_v2_1_0393	urn:cite:ogl:1883grclat1_v2.page.366
urn:cite:ogl:1883grclat1_v2.img.heiberg_1884_v2_1_0394	urn:cite:ogl:1883grclat1_v2.page.367
urn:cite:ogl:1883grclat1_v2.img.heiberg_1884_v2_1_0395	urn:cite:ogl:1883grclat1_v2.page.368
urn:cite:ogl:1883grclat1_v2.img.heiberg_1884_v2_1_0396	urn:cite:ogl:1883grclat1_v2.page.369
urn:cite:ogl:1883grclat1_v2.img.heiberg_1884_v2_1_0397	urn:cite:ogl:1883grclat1_v2.page.370
urn:cite:ogl:1883grclat1_v2.img.heiberg_1884_v2_1_0398	urn:cite:ogl:1883grclat1_v2.page.371
urn:cite:ogl:1883grclat1_v2.img.heiberg_1884_v2_1_0399	urn:cite:ogl:1883grclat1_v2.page.372
urn:cite:ogl:1883grclat1_v2.img.heiberg_1884_v2_1_0400	urn:cite:ogl:1883grclat1_v2.page.373
urn:cite:ogl:1883grclat1_v2.img.heiberg_1884_v2_1_0401	urn:cite:ogl:1883grclat1_v2.page.374
urn:cite:ogl:1883grclat1_v2.img.heiberg_1884_v2_1_0402	urn:cite:ogl:1883grclat1_v2.page.375
urn:cite:ogl:1883grclat1_v2.img.heiberg_1884_v2_1_0403	urn:cite:ogl:1883grclat1_v2.page.376
urn:cite:ogl:1883grclat1_v2.img.heiberg_1884_v2_1_0404	urn:cite:ogl:1883grclat1_v2.page.377
urn:cite:ogl:1883grclat1_v2.img.heiberg_1884_v2_1_0405	urn:cite:ogl:1883grclat1_v2.page.378
urn:cite:ogl:1883grclat1_v2.img.heiberg_1884_v2_1_0406	urn:cite:ogl:1883grclat1_v2.page.379
urn:cite:ogl:1883grclat1_v2.img.heiberg_1884_v2_1_0407	urn:cite:ogl:1883grclat1_v2.page.380
urn:cite:ogl:1883grclat1_v2.img.heiberg_1884_v2_1_0408	urn:cite:ogl:1883grclat1_v2.page.381
urn:cite:ogl:1883grclat1_v2.img.heiberg_1884_v2_1_0409	urn:cite:ogl:1883grclat1_v2.page.382
urn:cite:ogl:1883grclat1_v2.img.heiberg_1884_v2_1_0410	urn:cite:ogl:1883grclat1_v2.page.383
urn:cite:ogl:1883grclat1_v2.img.heiberg_1884_v2_1_0411	urn:cite:ogl:1883grclat1_v2.page.384
urn:cite:ogl:1883grclat1_v2.img.heiberg_1884_v2_1_0412	urn:cite:ogl:1883grclat1_v2.page.385
urn:cite:ogl:1883grclat1_v2.img.heiberg_1884_v2_1_0413	urn:cite:ogl:1883grclat1_v2.page.386
urn:cite:ogl:1883grclat1_v2.img.heiberg_1884_v2_1_0414	urn:cite:ogl:1883grclat1_v2.page.387
urn:cite:ogl:1883grclat1_v2.img.heiberg_1884_v2_1_0415	urn:cite:ogl:1883grclat1_v2.page.388
urn:cite:ogl:1883grclat1_v2.img.heiberg_1884_v2_1_0416	urn:cite:ogl:1883grclat1_v2.page.389
urn:cite:ogl:1883grclat1_v2.img.heiberg_1884_v2_1_0417	urn:cite:ogl:1883grclat1_v2.page.390
urn:cite:ogl:1883grclat1_v2.img.heiberg_1884_v2_1_0418	urn:cite:ogl:1883grclat1_v2.page.391
urn:cite:ogl:1883grclat1_v2.img.heiberg_1884_v2_1_0419	urn:cite:ogl:1883grclat1_v2.page.392
urn:cite:ogl:1883grclat1_v2.img.heiberg_1884_v2_1_0420	urn:cite:ogl:1883grclat1_v2.page.393
urn:cite:ogl:1883grclat1_v2.img.heiberg_1884_v2_1_0421	urn:cite:ogl:1883grclat1_v2.page.394
urn:cite:ogl:1883grclat1_v2.img.heiberg_1884_v2_1_0422	urn:cite:ogl:1883grclat1_v2.page.395
urn:cite:ogl:1883grclat1_v2.img.heiberg_1884_v2_1_0423	urn:cite:ogl:1883grclat1_v2.page.396
urn:cite:ogl:1883grclat1_v2.img.heiberg_1884_v2_1_0424	urn:cite:ogl:1883grclat1_v2.page.397
urn:cite:ogl:1883grclat1_v2.img.heiberg_1884_v2_1_0425	urn:cite:ogl:1883grclat1_v2.page.398
urn:cite:ogl:1883grclat1_v2.img.heiberg_1884_v2_1_0426	urn:cite:ogl:1883grclat1_v2.page.399
urn:cite:ogl:1883grclat1_v2.img.heiberg_1884_v2_1_0427	urn:cite:ogl:1883grclat1_v2.page.400
urn:cite:ogl:1883grclat1_v2.img.heiberg_1884_v2_1_0428	urn:cite:ogl:1883grclat1_v2.page.401
urn:cite:ogl:1883grclat1_v2.img.heiberg_1884_v2_1_0429	urn:cite:ogl:1883grclat1_v2.page.402
urn:cite:ogl:1883grclat1_v2.img.heiberg_1884_v2_1_0430	urn:cite:ogl:1883grclat1_v2.page.403
urn:cite:ogl:1883grclat1_v2.img.heiberg_1884_v2_1_0431	urn:cite:ogl:1883grclat1_v2.page.404
urn:cite:ogl:1883grclat1_v2.img.heiberg_1884_v2_1_0432	urn:cite:ogl:1883grclat1_v2.page.405
urn:cite:ogl:1883grclat1_v2.img.heiberg_1884_v2_1_0433	urn:cite:ogl:1883grclat1_v2.page.406
urn:cite:ogl:1883grclat1_v2.img.heiberg_1884_v2_1_0434	urn:cite:ogl:1883grclat1_v2.page.407
urn:cite:ogl:1883grclat1_v2.img.heiberg_1884_v2_1_0435	urn:cite:ogl:1883grclat1_v2.page.408
urn:cite:ogl:1883grclat1_v2.img.heiberg_1884_v2_1_0436	urn:cite:ogl:1883grclat1_v2.page.409
urn:cite:ogl:1883grclat1_v2.img.heiberg_1884_v2_1_0437	urn:cite:ogl:1883grclat1_v2.page.410
urn:cite:ogl:1883grclat1_v2.img.heiberg_1884_v2_1_0438	urn:cite:ogl:1883grclat1_v2.page.411
urn:cite:ogl:1883grclat1_v2.img.heiberg_1884_v2_1_0439	urn:cite:ogl:1883grclat1_v2.page.412
urn:cite:ogl:1883grclat1_v2.img.heiberg_1884_v2_1_0440	urn:cite:ogl:1883grclat1_v2.page.413
urn:cite:ogl:1883grclat1_v2.img.heiberg_1884_v2_1_0441	urn:cite:ogl:1883grclat1_v2.page.414
urn:cite:ogl:1883grclat1_v2.img.heiberg_1884_v2_1_0442	urn:cite:ogl:1883grclat1_v2.page.415
urn:cite:ogl:1883grclat1_v2.img.heiberg_1884_v2_1_0443	urn:cite:ogl:1883grclat1_v2.page.416
urn:cite:ogl:1883grclat1_v2.img.heiberg_1884_v2_1_0444	urn:cite:ogl:1883grclat1_v2.page.417
urn:cite:ogl:1883grclat1_v2.img.heiberg_1884_v2_1_0445	urn:cite:ogl:1883grclat1_v2.page.418
urn:cite:ogl:1883grclat1_v2.img.heiberg_1884_v2_1_0446	urn:cite:ogl:1883grclat1_v2.page.419
urn:cite:ogl:1883grclat1_v2.img.heiberg_1884_v2_1_0447	urn:cite:ogl:1883grclat1_v2.page.420
urn:cite:ogl:1883grclat1_v2.img.heiberg_1884_v2_1_0448	urn:cite:ogl:1883grclat1_v2.page.421
urn:cite:ogl:1883grclat1_v2.img.heiberg_1884_v2_1_0449	urn:cite:ogl:1883grclat1_v2.page.422
urn:cite:ogl:1883grclat1_v2.img.heiberg_1884_v2_1_0450	urn:cite:ogl:1883grclat1_v2.page.423
urn:cite:ogl:1883grclat1_v2.img.heiberg_1884_v2_1_0451	urn:cite:ogl:1883grclat1_v2.page.424
urn:cite:ogl:1883grclat1_v2.img.heiberg_1884_v2_1_0452	urn:cite:ogl:1883grclat1_v2.page.425
urn:cite:ogl:1883grclat1_v2.img.heiberg_1884_v2_1_0453	urn:cite:ogl:1883grclat1_v2.page.426
urn:cite:ogl:1883grclat1_v2.img.heiberg_1884_v2_1_0454	urn:cite:ogl:1883grclat1_v2.page.427
urn:cite:ogl:1883grclat1_v2.img.heiberg_1884_v2_1_0455	urn:cite:ogl:1883grclat1_v2.page.428
urn:cite:ogl:1883grclat1_v2.img.heiberg_1884_v2_1_0456	urn:cite:ogl:1883grclat1_v2.page.429
urn:cite:ogl:1883grclat1_v2.img.heiberg_1884_v2_1_0457	urn:cite:ogl:1883grclat1_v2.page.430
urn:cite:ogl:1883grclat1_v2.img.heiberg_1884_v2_1_0458	urn:cite:ogl:1883grclat1_v2.page.431
urn:cite:ogl:1883grclat1_v2.img.heiberg_1884_v2_1_0459	urn:cite:ogl:1883grclat1_v2.page.432
urn:cite:ogl:1883grclat1_v2.img.heiberg_1884_v2_1_0460	urn:cite:ogl:1883grclat1_v2.page.433
urn:cite:ogl:1883grclat1_v2.img.heiberg_1884_v2_1_0461	urn:cite:ogl:1883grclat1_v2.page.434
urn:cite:ogl:1883grclat1_v2.img.heiberg_1884_v2_1_0462	urn:cite:ogl:1883grclat1_v2.page.435
urn:cite:ogl:1883grclat1_v2.img.heiberg_1884_v2_1_0463	urn:cite:ogl:1883grclat1_v2.page.436
urn:cite:ogl:1883grclat1_v2.img.heiberg_1884_v2_1_0464	urn:cite:ogl:1883grclat1_v2.page.437